Workbook

Sheet Dashboard
A1: Onakit 2026 Contribution Dashboard
A3: Total Collection: | B3: =SUM('Master Sheet'!N3:N152) -> 111100
A4: Total Pending Members: | B4: =COUNTIF('Master Sheet'!P3:P152,"Pending") -> 149
A5: Total Completed Members: | B5: =COUNTIF('Master Sheet'!P3:P152,"Completed") -> 1
A7: Area-wise Collection
A8: Area 1 (Meenu S) | B8: =SUMIF('Master Sheet'!C3:C152,"Area 1 (Meenu S)",'Master Sheet'!N3:N152) -> 15550
A9: Area 2 (Viswakala S) | B9: =SUMIF('Master Sheet'!C3:C152,"Area 2 (Viswakala S)",'Master Sheet'!N3:N152) -> 8600
A10: Area 3 (Saranya R) | B10: =SUMIF('Master Sheet'!C3:C152,"Area 3 (Saranya R)",'Master Sheet'!N3:N152) -> 17700
A11: Area 4 (Anitha R) | B11: =SUMIF('Master Sheet'!C3:C152,"Area 4 (Anitha R)",'Master Sheet'!N3:N152) -> 11000
A12: Area 5 (Renuka A) | B12: =SUMIF('Master Sheet'!C3:C152,"Area 5 (Renuka A)",'Master Sheet'!N3:N152) -> 7000
A13: Area 6 (Anitha P) | B13: =SUMIF('Master Sheet'!C3:C152,"Area 6 (Anitha P)",'Master Sheet'!N3:N152) -> 12600
A14: Area 7 (Anu R) | B14: =SUMIF('Master Sheet'!C3:C152,"Area 7 (Anu R)",'Master Sheet'!N3:N152) -> 38650

Sheet Master Sheet
A1: Onakit -2026
A2: Person ID | B2: Name | C2: Area | D2: Oct | E2: Nov | F2: Dec | G2: Jan | H2: Feb | I2: Mar | J2: Apr | K2: May | L2: Jun | M2: Jul | N2: Total Paid | O2: Balance | P2: Status
A3: P001 | B3: Bindhu Alesh, Varayannur | C3: Area 1 (Meenu S) | D3: 350 | G3: 500 | N3: =SUM(D3:M3) -> 850 | O3: =3500-N3 -> 2650 | P3: =IF(O3<=0,"Completed","Pending") -> Pending
A4: P002 | B4: Aswathy PS, Kumbanadu | C4: Area 1 (Meenu S) | G4: 1000 | N4: =SUM(D4:M4) -> 1000 | O4: =3500-N4 -> 2500 | P4: =IF(O4<=0,"Completed","Pending") -> Pending
A5: P003 | B5: Arya , Kunnam, Poovathur | C5: Area 1 (Meenu S) | N5: =SUM(D5:M5) -> 0 | O5: =3500-N5 -> 3500 | P5: =IF(O5<=0,"Completed","Pending") -> Pending
A6: P004 | B6: Saratha Sasikumar, Varayannur | C6: Area 1 (Meenu S) | D6: 500 | G6: 500 | N6: =SUM(D6:M6) -> 1000 | O6: =3500-N6 -> 2500 | P6: =IF(O6<=0,"Completed","Pending") -> Pending
A7: P005 | B7: Gokul , Poovathur | C7: Area 1 (Meenu S) | G7: 2000 | N7: =SUM(D7:M7) -> 2000 | O7: =3500-N7 -> 1500 | P7: =IF(O7<=0,"Completed","Pending") -> Pending
A8: P006 | B8: Latha , Vrayannur | C8: Area 1 (Meenu S) | D8: 250 | G8: 500 | J8: t | N8: =SUM(D8:M8) -> 750 | O8: =3500-N8 -> 2750 | P8: =IF(O8<=0,"Completed","Pending") -> Pending
A9: P007 | B9: Viswapriya , Varayannur | C9: Area 1 (Meenu S) | D9: 250 | N9: =SUM(D9:M9) -> 250 | O9: =3500-N9 -> 3250 | P9: =IF(O9<=0,"Completed","Pending") -> Pending
A10: P008 | B10: Ambili Varayannur | C10: Area 1 (Meenu S) | D10: 250 | G10: 500 | N10: =SUM(D10:M10) -> 750 | O10: =3500-N10 -> 2750 | P10: =IF(O10<=0,"Completed","Pending") -> Pending
A11: P009 | B11: Ambili Varayannur | C11: Area 1 (Meenu S) | D11: 250 | N11: =SUM(D11:M11) -> 250 | O11: =3500-N11 -> 3250 | P11: =IF(O11<=0,"Completed","Pending") -> Pending
A12: P010 | B12: Lakshmi Ajeesh , Poovathur | C12: Area 1 (Meenu S) | N12: =SUM(D12:M12) -> 0 | O12: =3500-N12 -> 3500 | P12: =IF(O12<=0,"Completed","Pending") -> Pending
A13: P011 | B13: Seema Manoj , Poovathur | C13: Area 1 (Meenu S) | N13: =SUM(D13:M13) -> 0 | O13: =3500-N13 -> 3500 | P13: =IF(O13<=0,"Completed","Pending") -> Pending
A14: P012 | B14: Seema Manoj , Poovathur | C14: Area 1 (Meenu S) | N14: =SUM(D14:M14) -> 0 | O14: =3500-N14 -> 3500 | P14: =IF(O14<=0,"Completed","Pending") -> Pending
A15: P013 | B15: Shyla Pradeep , Poovathur | C15: Area 1 (Meenu S) | N15: =SUM(D15:M15) -> 0 | O15: =3500-N15 -> 3500 | P15: =IF(O15<=0,"Completed","Pending") -> Pending
A16: P014 | B16: Sreeja , Poovathur | C16: Area 1 (Meenu S) | F16: 350 | N16: =SUM(D16:M16) -> 350 | O16: =3500-N16 -> 3150 | P16: =IF(O16<=0,"Completed","Pending") -> Pending
A17: P015 | B17: Ambika , Poovathur | C17: Area 1 (Meenu S) | N17: =SUM(D17:M17) -> 0 | O17: =3500-N17 -> 3500 | P17: =IF(O17<=0,"Completed","Pending") -> Pending
A18: P016 | B18: Usha , Poovathur | C18: Area 1 (Meenu S) | G18: 500 | N18: =SUM(D18:M18) -> 500 | O18: =3500-N18 -> 3000 | P18: =IF(O18<=0,"Completed","Pending") -> Pending
A19: P017 | B19: Latha Shaji , Poovathur | C19: Area 1 (Meenu S) | N19: =SUM(D19:M19) -> 0 | O19: =3500-N19 -> 3500 | P19: =IF(O19<=0,"Completed","Pending") -> Pending
A20: P018 | B20: Smitha ,Poovathur | C20: Area 1 (Meenu S) | D20: 1000 | N20: =SUM(D20:M20) -> 1000 | O20: =3500-N20 -> 2500 | P20: =IF(O20<=0,"Completed","Pending") -> Pending
A21: P019 | B21: Harish , Chengannur | C21: Area 1 (Meenu S) | G21: 1000 | N21: =SUM(D21:M21) -> 1000 | O21: =3500-N21 -> 2500 | P21: =IF(O21<=0,"Completed","Pending") -> Pending
A22: P020 | B22: Bhaskaran Nukathala | C22: Area 1 (Meenu S) | F22: 500 | N22: =SUM(D22:M22) -> 500 | O22: =3500-N22 -> 3000 | P22: =IF(O22<=0,"Completed","Pending") -> Pending
A23: P021 | B23: Sukumaran Nukathala | C23: Area 1 (Meenu S) | F23: 200 | G23: 100 | N23: =SUM(D23:M23) -> 300 | O23: =3500-N23 -> 3200 | P23: =IF(O23<=0,"Completed","Pending") -> Pending
A24: P022 | B24: Dhanalekshmi Thettupara | C24: Area 1 (Meenu S) | D24: 500 | F24: 300 | N24: =SUM(D24:M24) -> 800 | O24: =3500-N24 -> 2700 | P24: =IF(O24<=0,"Completed","Pending") -> Pending
A25: P023 | B25: Meenu ,Poovathur | C25: Area 1 (Meenu S) | N25: =SUM(D25:M25) -> 0 | O25: =3500-N25 -> 3500 | P25: =IF(O25<=0,"Completed","Pending") -> Pending
A26: P024 | B26: Remya Dinesh , Poovathur | C26: Area 1 (Meenu S) | N26: =SUM(D26:M26) -> 0 | O26: =3500-N26 -> 3500 | P26: =IF(O26<=0,"Completed","Pending") -> Pending
A27: P025 | B27: Geethu Mohan | C27: Area 1 (Meenu S) | N27: =SUM(D27:M27) -> 0 | O27: =3500-N27 -> 3500 | P27: =IF(O27<=0,"Completed","Pending") -> Pending
A28: P026 | B28: Sreeja Teacher , Kuttur | C28: Area 1 (Meenu S) | D28: 750 | N28: =SUM(D28:M28) -> 750 | O28: =3500-N28 -> 2750 | P28: =IF(O28<=0,"Completed","Pending") -> Pending
A29: P027 | B29: Sreeja Teacher , Kuttur | C29: Area 1 (Meenu S) | N29: =SUM(D29:M29) -> 0 | O29: =3500-N29 -> 3500 | P29: =IF(O29<=0,"Completed","Pending") -> Pending
A30: P028 | B30: Jaya , Chengannur | C30: Area 1 (Meenu S) | N30: =SUM(D30:M30) -> 0 | O30: =3500-N30 -> 3500 | P30: =IF(O30<=0,"Completed","Pending") -> Pending
A31: P029 | B31: SatheeshKumar , Pullad | C31: Area 1 (Meenu S) | D31: 500 | E31: 500 | F31: 500 | N31: =SUM(D31:M31) -> 1500 | O31: =3500-N31 -> 2000 | P31: =IF(O31<=0,"Completed","Pending") -> Pending
A32: P030 | B32: Subash , Nukathala | C32: Area 1 (Meenu S) | N32: =SUM(D32:M32) -> 0 | O32: =3500-N32 -> 3500 | P32: =IF(O32<=0,"Completed","Pending") -> Pending
A33: P031 | B33: Sreeja Varayannur | C33: Area 1 (Meenu S) | F33: 500 | G33: 1500 | N33: =SUM(D33:M33) -> 2000 | O33: =3500-N33 -> 1500 | P33: =IF(O33<=0,"Completed","Pending") -> Pending
A34: P032 | B34: Dinesh , Pullad | C34: Area 2 (Viswakala S) | D34: 500 | F34: 350 | G34: 500 | N34: =SUM(D34:M34) -> 1350 | O34: =3500-N34 -> 2150 | P34: =IF(O34<=0,"Completed","Pending") -> Pending
A35: P033 | B35: Revathy , Pullad | C35: Area 2 (Viswakala S) | N35: =SUM(D35:M35) -> 0 | O35: =3500-N35 -> 3500 | P35: =IF(O35<=0,"Completed","Pending") -> Pending
A36: P034 | B36: Maya Gopal , Pullad | C36: Area 2 (Viswakala S) | E36: 500 | G36: 500 | N36: =SUM(D36:M36) -> 1000 | O36: =3500-N36 -> 2500 | P36: =IF(O36<=0,"Completed","Pending") -> Pending
A37: P035 | B37: Bini Sunil , Pullad | C37: Area 2 (Viswakala S) | E37: 350 | F37: 350 | G37: 350 | N37: =SUM(D37:M37) -> 1050 | O37: =3500-N37 -> 2450 | P37: =IF(O37<=0,"Completed","Pending") -> Pending
A38: P036 | B38: Ganga Rajamohan | C38: Area 2 (Viswakala S) | D38: 350 | F38: 1000 | N38: =SUM(D38:M38) -> 1350 | O38: =3500-N38 -> 2150 | P38: =IF(O38<=0,"Completed","Pending") -> Pending
A39: P037 | B39: Sona , Vadakekavala | C39: Area 2 (Viswakala S) | E39: 700 | N39: =SUM(D39:M39) -> 700 | O39: =3500-N39 -> 2800 | P39: =IF(O39<=0,"Completed","Pending") -> Pending
A40: P038 | B40: Indira Vijayan , Pullad | C40: Area 2 (Viswakala S) | E40: 400 | G40: 300 | N40: =SUM(D40:M40) -> 700 | O40: =3500-N40 -> 2800 | P40: =IF(O40<=0,"Completed","Pending") -> Pending
A41: P039 | B41: Prabha Girish , Kumbanad | C41: Area 2 (Viswakala S) | D41: 350 | F41: 350 | G41: 700 | N41: =SUM(D41:M41) -> 1400 | O41: =3500-N41 -> 2100 | P41: =IF(O41<=0,"Completed","Pending") -> Pending
A42: P040 | B42: Biji N.S , Poovathur | C42: Area 2 (Viswakala S) | E42: 350 | F42: 350 | G42: 350 | N42: =SUM(D42:M42) -> 1050 | O42: =3500-N42 -> 2450 | P42: =IF(O42<=0,"Completed","Pending") -> Pending
A43: P041 | B43: Viswakala Sunil ,Pullad | C43: Area 2 (Viswakala S) | N43: =SUM(D43:M43) -> 0 | O43: =3500-N43 -> 3500 | P43: =IF(O43<=0,"Completed","Pending") -> Pending
A44: P042 | B44: Tinu | C44: Area 3 (Saranya R) | N44: =SUM(D44:M44) -> 0 | O44: =3500-N44 -> 3500 | P44: =IF(O44<=0,"Completed","Pending") -> Pending
A45: P043 | B45: Abhiya | C45: Area 3 (Saranya R) | E45: 500 | F45: 500 | N45: =SUM(D45:M45) -> 1000 | O45: =3500-N45 -> 2500 | P45: =IF(O45<=0,"Completed","Pending") -> Pending
A46: P044 | B46: Syam | C46: Area 3 (Saranya R) | D46: 500 | E46: 600 | F46: 150 | G46: 500 | N46: =SUM(D46:M46) -> 1750 | O46: =3500-N46 -> 1750 | P46: =IF(O46<=0,"Completed","Pending") -> Pending
A47: P045 | B47: Chithra | C47: Area 3 (Saranya R) | E47: 500 | N47: =SUM(D47:M47) -> 500 | O47: =3500-N47 -> 3000 | P47: =IF(O47<=0,"Completed","Pending") -> Pending
A48: P046 | B48: Bindhu | C48: Area 3 (Saranya R) | F48: 500 | N48: =SUM(D48:M48) -> 500 | O48: =3500-N48 -> 3000 | P48: =IF(O48<=0,"Completed","Pending") -> Pending
A49: P047 | B49: Mincy | C49: Area 3 (Saranya R) | N49: =SUM(D49:M49) -> 0 | O49: =3500-N49 -> 3500 | P49: =IF(O49<=0,"Completed","Pending") -> Pending
A50: P048 | B50: Ammini | C50: Area 3 (Saranya R) | F50: 1000 | N50: =SUM(D50:M50) -> 1000 | O50: =3500-N50 -> 2500 | P50: =IF(O50<=0,"Completed","Pending") -> Pending
A51: P049 | B51: Babu | C51: Area 3 (Saranya R) | G51: 500 | N51: =SUM(D51:M51) -> 500 | O51: =3500-N51 -> 3000 | P51: =IF(O51<=0,"Completed","Pending") -> Pending
A52: P050 | B52: Geethu Renjith | C52: Area 3 (Saranya R) | G52: 500 | N52: =SUM(D52:M52) -> 500 | O52: =3500-N52 -> 3000 | P52: =IF(O52<=0,"Completed","Pending") -> Pending
A53: P051 | B53: Manu | C53: Area 3 (Saranya R) | N53: =SUM(D53:M53) -> 0 | O53: =3500-N53 -> 3500 | P53: =IF(O53<=0,"Completed","Pending") -> Pending
A54: P052 | B54: Shobha | C54: Area 3 (Saranya R) | E54: 500 | G54: 500 | N54: =SUM(D54:M54) -> 1000 | O54: =3500-N54 -> 2500 | P54: =IF(O54<=0,"Completed","Pending") -> Pending
A55: P053 | B55: Jayan | C55: Area 3 (Saranya R) | E55: 1000 | N55: =SUM(D55:M55) -> 1000 | O55: =3500-N55 -> 2500 | P55: =IF(O55<=0,"Completed","Pending") -> Pending
A56: P054 | B56: Anu | C56: Area 3 (Saranya R) | E56: 350 | F56: 350 | N56: =SUM(D56:M56) -> 700 | O56: =3500-N56 -> 2800 | P56: =IF(O56<=0,"Completed","Pending") -> Pending
A57: P055 | B57: Lillikutty | C57: Area 3 (Saranya R) | E57: 350 | N57: =SUM(D57:M57) -> 350 | O57: =3500-N57 -> 3150 | P57: =IF(O57<=0,"Completed","Pending") -> Pending
A58: P056 | B58: Jeena | C58: Area 3 (Saranya R) | G58: 300 | N58: =SUM(D58:M58) -> 300 | O58: =3500-N58 -> 3200 | P58: =IF(O58<=0,"Completed","Pending") -> Pending
A59: P057 | B59: Reshma | C59: Area 3 (Saranya R) | D59: 400 | N59: =SUM(D59:M59) -> 400 | O59: =3500-N59 -> 3100 | P59: =IF(O59<=0,"Completed","Pending") -> Pending
A60: P058 | B60: Rani | C60: Area 3 (Saranya R) | E60: 500 | G60: 500 | N60: =SUM(D60:M60) -> 1000 | O60: =3500-N60 -> 2500 | P60: =IF(O60<=0,"Completed","Pending") -> Pending
A61: P059 | B61: Saranya | C61: Area 3 (Saranya R) | G61: 500 | N61: =SUM(D61:M61) -> 500 | O61: =3500-N61 -> 3000 | P61: =IF(O61<=0,"Completed","Pending") -> Pending
A62: P060 | B62: Geethu Renjith | C62: Area 3 (Saranya R) | G62: 500 | N62: =SUM(D62:M62) -> 500 | O62: =3500-N62 -> 3000 | P62: =IF(O62<=0,"Completed","Pending") -> Pending
A63: P061 | B63: Lici | C63: Area 3 (Saranya R) | E63: 350 | G63: 500 | N63: =SUM(D63:M63) -> 850 | O63: =3500-N63 -> 2650 | P63: =IF(O63<=0,"Completed","Pending") -> Pending
A64: P062 | B64: Sheeba | C64: Area 3 (Saranya R) | N64: =SUM(D64:M64) -> 0 | O64: =3500-N64 -> 3500 | P64: =IF(O64<=0,"Completed","Pending") -> Pending
A65: P063 | B65: Pramela Rajan | C65: Area 3 (Saranya R) | E65: 350 | N65: =SUM(D65:M65) -> 350 | O65: =3500-N65 -> 3150 | P65: =IF(O65<=0,"Completed","Pending") -> Pending
A66: P064 | B66: Jaya | C66: Area 3 (Saranya R) | N66: =SUM(D66:M66) -> 0 | O66: =3500-N66 -> 3500 | P66: =IF(O66<=0,"Completed","Pending") -> Pending
A67: P065 | B67: Maya | C67: Area 3 (Saranya R) | G67: 3500 | N67: =SUM(D67:M67) -> 3500 | O67: =3500-N67 -> 0 | P67: =IF(O67<=0,"Completed","Pending") -> Completed
A68: P066 | B68: Renjini Uthaman | C68: Area 3 (Saranya R) | D68: 500 | G68: 1000 | N68: =SUM(D68:M68) -> 1500 | O68: =3500-N68 -> 2000 | P68: =IF(O68<=0,"Completed","Pending") -> Pending
A69: P067 | B69: Pinky Prasanth | C69: Area 3 (Saranya R) | N69: =SUM(D69:M69) -> 0 | O69: =3500-N69 -> 3500 | P69: =IF(O69<=0,"Completed","Pending") -> Pending
A70: P068 | B70: Mini Vennikulam | C70: Area 4 (Anitha R) | D70: 350 | E70: 350 | F70: 350 | N70: =SUM(D70:M70) -> 1050 | O70: =3500-N70 -> 2450 | P70: =IF(O70<=0,"Completed","Pending") -> Pending
A71: P069 | B71: Anitha Gopakumar Vennikulam | C71: Area 4 (Anitha R) | D71: 350 | E71: 350 | F71: 350 | G71: 350 | N71: =SUM(D71:M71) -> 1400 | O71: =3500-N71 -> 2100 | P71: =IF(O71<=0,"Completed","Pending") -> Pending
A72: P070 | B72: Vidya Susanth Vennikulam | C72: Area 4 (Anitha R) | D72: 350 | E72: 350 | F72: 350 | G72: 350 | N72: =SUM(D72:M72) -> 1400 | O72: =3500-N72 -> 2100 | P72: =IF(O72<=0,"Completed","Pending") -> Pending
A73: P071 | B73: Indra Vennikulam | C73: Area 4 (Anitha R) | D73: 350 | E73: 500 | F73: 500 | N73: =SUM(D73:M73) -> 1350 | O73: =3500-N73 -> 2150 | P73: =IF(O73<=0,"Completed","Pending") -> Pending
A74: P072 | B74: Santhosh Vennikulam | C74: Area 4 (Anitha R) | D74: 350 | E74: 350 | F74: 350 | G74: 350 | N74: =SUM(D74:M74) -> 1400 | O74: =3500-N74 -> 2100 | P74: =IF(O74<=0,"Completed","Pending") -> Pending
A75: P073 | B75: Anitha Ravikumar | C75: Area 4 (Anitha R) | D75: 350 | E75: 350 | F75: 350 | G75: 350 | N75: =SUM(D75:M75) -> 1400 | O75: =3500-N75 -> 2100 | P75: =IF(O75<=0,"Completed","Pending") -> Pending
A76: P074 | B76: Anil vp Vellara | C76: Area 4 (Anitha R) | D76: 350 | E76: 350 | F76: 350 | G76: 350 | N76: =SUM(D76:M76) -> 1400 | O76: =3500-N76 -> 2100 | P76: =IF(O76<=0,"Completed","Pending") -> Pending
A77: P075 | B77: Drishya Vellara | C77: Area 4 (Anitha R) | D77: 350 | E77: 350 | F77: 350 | G77: 200 | N77: =SUM(D77:M77) -> 1250 | O77: =3500-N77 -> 2250 | P77: =IF(O77<=0,"Completed","Pending") -> Pending
A78: P076 | B78: Ambika | C78: Area 4 (Anitha R) | E78: 350 | N78: =SUM(D78:M78) -> 350 | O78: =3500-N78 -> 3150 | P78: =IF(O78<=0,"Completed","Pending") -> Pending
A79: P077 | B79: Veena Satheesh | C79: Area 5 (Renuka A) | N79: =SUM(D79:M79) -> 0 | O79: =3500-N79 -> 3500 | P79: =IF(O79<=0,"Completed","Pending") -> Pending
A80: P078 | B80: P.G Vijayan | C80: Area 5 (Renuka A) | N80: =SUM(D80:M80) -> 0 | O80: =3500-N80 -> 3500 | P80: =IF(O80<=0,"Completed","Pending") -> Pending
A81: P079 | B81: Acharya Sunil Mahadeve | C81: Area 5 (Renuka A) | D81: 350 | E81: 350 | F81: 350 | N81: =SUM(D81:M81) -> 1050 | O81: =3500-N81 -> 2450 | P81: =IF(O81<=0,"Completed","Pending") -> Pending
A82: P080 | B82: Manju Manikandan | C82: Area 5 (Renuka A) | D82: 350 | E82: 350 | G82: 350 | N82: =SUM(D82:M82) -> 1050 | O82: =3500-N82 -> 2450 | P82: =IF(O82<=0,"Completed","Pending") -> Pending
A83: P081 | B83: Surya Renjith | C83: Area 5 (Renuka A) | D83: 350 | E83: 350 | G83: 700 | N83: =SUM(D83:M83) -> 1400 | O83: =3500-N83 -> 2100 | P83: =IF(O83<=0,"Completed","Pending") -> Pending
A84: P082 | B84: Hari Kumar | C84: Area 5 (Renuka A) | D84: 350 | G84: 700 | N84: =SUM(D84:M84) -> 1050 | O84: =3500-N84 -> 2450 | P84: =IF(O84<=0,"Completed","Pending") -> Pending
A85: P083 | B85: Prasad K.R | C85: Area 5 (Renuka A) | D85: 350 | E85: 350 | F85: 350 | G85: 350 | N85: =SUM(D85:M85) -> 1400 | O85: =3500-N85 -> 2100 | P85: =IF(O85<=0,"Completed","Pending") -> Pending
A86: P084 | B86: Aravind Kadapra | C86: Area 5 (Renuka A) | D86: 350 | G86: 350 | N86: =SUM(D86:M86) -> 700 | O86: =3500-N86 -> 2800 | P86: =IF(O86<=0,"Completed","Pending") -> Pending
A87: P085 | B87: Rakesh Babu | C87: Area 5 (Renuka A) | N87: =SUM(D87:M87) -> 0 | O87: =3500-N87 -> 3500 | P87: =IF(O87<=0,"Completed","Pending") -> Pending
A88: P086 | B88: Manju Mol PS | C88: Area 5 (Renuka A) | N88: =SUM(D88:M88) -> 0 | O88: =3500-N88 -> 3500 | P88: =IF(O88<=0,"Completed","Pending") -> Pending
A89: P087 | B89: Remya | C89: Area 5 (Renuka A) | G89: 350 | N89: =SUM(D89:M89) -> 350 | O89: =3500-N89 -> 3150 | P89: =IF(O89<=0,"Completed","Pending") -> Pending
A90: P088 | B90: Rekha Ajith | C90: Area 5 (Renuka A) | N90: =SUM(D90:M90) -> 0 | O90: =3500-N90 -> 3500 | P90: =IF(O90<=0,"Completed","Pending") -> Pending
A91: P089 | B91: Latha Suresh | C91: Area 6 (Anitha P) | D91: 350 | E91: 350 | F91: 350 | G91: 350 | N91: =SUM(D91:M91) -> 1400 | O91: =3500-N91 -> 2100 | P91: =IF(O91<=0,"Completed","Pending") -> Pending
A92: P090 | B92: Anitha Prasanth | C92: Area 6 (Anitha P) | D92: 350 | E92: 350 | F92: 350 | G92: 350 | N92: =SUM(D92:M92) -> 1400 | O92: =3500-N92 -> 2100 | P92: =IF(O92<=0,"Completed","Pending") -> Pending
A93: P091 | B93: Vijila Vineeth | C93: Area 6 (Anitha P) | D93: 350 | E93: 350 | G93: 350 | N93: =SUM(D93:M93) -> 1050 | O93: =3500-N93 -> 2450 | P93: =IF(O93<=0,"Completed","Pending") -> Pending
A94: P092 | B94: Anju Anoj | C94: Area 6 (Anitha P) | D94: 350 | E94: 350 | G94: 350 | N94: =SUM(D94:M94) -> 1050 | O94: =3500-N94 -> 2450 | P94: =IF(O94<=0,"Completed","Pending") -> Pending
A95: P093 | B95: Suma Rajesh | C95: Area 6 (Anitha P) | D95: 350 | E95: 350 | F95: 350 | G95: 350 | N95: =SUM(D95:M95) -> 1400 | O95: =3500-N95 -> 2100 | P95: =IF(O95<=0,"Completed","Pending") -> Pending
A96: P094 | B96: Savithri Madhu | C96: Area 6 (Anitha P) | D96: 350 | E96: 350 | F96: 350 | G96: 350 | N96: =SUM(D96:M96) -> 1400 | O96: =3500-N96 -> 2100 | P96: =IF(O96<=0,"Completed","Pending") -> Pending
A97: P095 | B97: Suma Prasad | C97: Area 6 (Anitha P) | D97: 200 | E97: 500 | F97: 250 | G97: 250 | N97: =SUM(D97:M97) -> 1200 | O97: =3500-N97 -> 2300 | P97: =IF(O97<=0,"Completed","Pending") -> Pending
A98: P096 | B98: Sruthi Rajesh | C98: Area 6 (Anitha P) | E98: 500 | N98: =SUM(D98:M98) -> 500 | O98: =3500-N98 -> 3000 | P98: =IF(O98<=0,"Completed","Pending") -> Pending
A99: P097 | B99: Suraj | C99: Area 6 (Anitha P) | N99: =SUM(D99:M99) -> 0 | O99: =3500-N99 -> 3500 | P99: =IF(O99<=0,"Completed","Pending") -> Pending
A100: P098 | B100: Aji Pattakala | C100: Area 6 (Anitha P) | D100: 100 | F100: 500 | N100: =SUM(D100:M100) -> 600 | O100: =3500-N100 -> 2900 | P100: =IF(O100<=0,"Completed","Pending") -> Pending
...

Sheet Area 1 (Meenu S)
A1: Person ID | B1: Name | C1: Area | D1: Oct | E1: Nov | F1: Dec | G1: Jan | H1: Feb | I1: Mar | J1: Apr | K1: May | L1: Jun | M1: Jul | N1: Total Paid | O1: Balance | P1: Status
A2: =IF('Master Sheet'!C3="Area 1 (Meenu S)",'Master Sheet'!A3,"") -> P001 | B2: =IF('Master Sheet'!C3="Area 1 (Meenu S)",'Master Sheet'!B3,"") -> Bindhu Alesh, Varayannur | C2: Area 1 (Meenu S) | D2: =IF('Master Sheet'!C3="Area 1 (Meenu S)",'Master Sheet'!D3,"") -> 350 | E2: =IF('Master Sheet'!C3="Area 1 (Meenu S)",'Master Sheet'!E3,"") -> 0 | F2: =IF('Master Sheet'!C3="Area 1 (Meenu S)",'Master Sheet'!F3,"") -> 0 | G2: =IF('Master Sheet'!C3="Area 1 (Meenu S)",'Master Sheet'!G3,"") -> 500 | H2: =IF('Master Sheet'!C3="Area 1 (Meenu S)",'Master Sheet'!H3,"") -> 0 | I2: =IF('Master Sheet'!C3="Area 1 (Meenu S)",'Master Sheet'!I3,"") -> 0 | J2: =IF('Master Sheet'!C3="Area 1 (Meenu S)",'Master Sheet'!J3,"") -> 0 | K2: =IF('Master Sheet'!C3="Area 1 (Meenu S)",'Master Sheet'!K3,"") -> 0 | L2: =IF('Master Sheet'!C3="Area 1 (Meenu S)",'Master Sheet'!L3,"") -> 0 | M2: =IF('Master Sheet'!C3="Area 1 (Meenu S)",'Master Sheet'!M3,"") -> 0 | N2: =IF('Master Sheet'!C3="Area 1 (Meenu S)",'Master Sheet'!N3,"") -> 850 | O2: =IF('Master Sheet'!C3="Area 1 (Meenu S)",'Master Sheet'!O3,"") -> 2650 | P2: =IF('Master Sheet'!C3="Area 1 (Meenu S)",'Master Sheet'!P3,"") -> Pending
A3: =IF('Master Sheet'!C4="Area 1 (Meenu S)",'Master Sheet'!A4,"") -> P002 | B3: =IF('Master Sheet'!C4="Area 1 (Meenu S)",'Master Sheet'!B4,"") -> Aswathy PS, Kumbanadu | C3: Area 1 (Meenu S) | D3: =IF('Master Sheet'!C4="Area 1 (Meenu S)",'Master Sheet'!D4,"") -> 0 | E3: =IF('Master Sheet'!C4="Area 1 (Meenu S)",'Master Sheet'!E4,"") -> 0 | F3: =IF('Master Sheet'!C4="Area 1 (Meenu S)",'Master Sheet'!F4,"") -> 0 | G3: =IF('Master Sheet'!C4="Area 1 (Meenu S)",'Master Sheet'!G4,"") -> 1000 | H3: =IF('Master Sheet'!C4="Area 1 (Meenu S)",'Master Sheet'!H4,"") -> 0 | I3: =IF('Master Sheet'!C4="Area 1 (Meenu S)",'Master Sheet'!I4,"") -> 0 | J3: =IF('Master Sheet'!C4="Area 1 (Meenu S)",'Master Sheet'!J4,"") -> 0 | K3: =IF('Master Sheet'!C4="Area 1 (Meenu S)",'Master Sheet'!K4,"") -> 0 | L3: =IF('Master Sheet'!C4="Area 1 (Meenu S)",'Master Sheet'!L4,"") -> 0 | M3: =IF('Master Sheet'!C4="Area 1 (Meenu S)",'Master Sheet'!M4,"") -> 0 | N3: =IF('Master Sheet'!C4="Area 1 (Meenu S)",'Master Sheet'!N4,"") -> 1000 | O3: =IF('Master Sheet'!C4="Area 1 (Meenu S)",'Master Sheet'!O4,"") -> 2500 | P3: =IF('Master Sheet'!C4="Area 1 (Meenu S)",'Master Sheet'!P4,"") -> Pending
A4: =IF('Master Sheet'!C5="Area 1 (Meenu S)",'Master Sheet'!A5,"") -> P003 | B4: =IF('Master Sheet'!C5="Area 1 (Meenu S)",'Master Sheet'!B5,"") -> Arya , Kunnam, Poovathur | C4: Area 1 (Meenu S) | D4: =IF('Master Sheet'!C5="Area 1 (Meenu S)",'Master Sheet'!D5,"") -> 0 | E4: =IF('Master Sheet'!C5="Area 1 (Meenu S)",'Master Sheet'!E5,"") -> 0 | F4: =IF('Master Sheet'!C5="Area 1 (Meenu S)",'Master Sheet'!F5,"") -> 0 | G4: =IF('Master Sheet'!C5="Area 1 (Meenu S)",'Master Sheet'!G5,"") -> 0 | H4: =IF('Master Sheet'!C5="Area 1 (Meenu S)",'Master Sheet'!H5,"") -> 0 | I4: =IF('Master Sheet'!C5="Area 1 (Meenu S)",'Master Sheet'!I5,"") -> 0 | J4: =IF('Master Sheet'!C5="Area 1 (Meenu S)",'Master Sheet'!J5,"") -> 0 | K4: =IF('Master Sheet'!C5="Area 1 (Meenu S)",'Master Sheet'!K5,"") -> 0 | L4: =IF('Master Sheet'!C5="Area 1 (Meenu S)",'Master Sheet'!L5,"") -> 0 | M4: =IF('Master Sheet'!C5="Area 1 (Meenu S)",'Master Sheet'!M5,"") -> 0 | N4: =IF('Master Sheet'!C5="Area 1 (Meenu S)",'Master Sheet'!N5,"") -> 0 | O4: =IF('Master Sheet'!C5="Area 1 (Meenu S)",'Master Sheet'!O5,"") -> 3500 | P4: =IF('Master Sheet'!C5="Area 1 (Meenu S)",'Master Sheet'!P5,"") -> Pending
A5: =IF('Master Sheet'!C6="Area 1 (Meenu S)",'Master Sheet'!A6,"") -> P004 | B5: =IF('Master Sheet'!C6="Area 1 (Meenu S)",'Master Sheet'!B6,"") -> Saratha Sasikumar, Varayannur | C5: Area 1 (Meenu S) | D5: =IF('Master Sheet'!C6="Area 1 (Meenu S)",'Master Sheet'!D6,"") -> 500 | E5: =IF('Master Sheet'!C6="Area 1 (Meenu S)",'Master Sheet'!E6,"") -> 0 | F5: =IF('Master Sheet'!C6="Area 1 (Meenu S)",'Master Sheet'!F6,"") -> 0 | G5: =IF('Master Sheet'!C6="Area 1 (Meenu S)",'Master Sheet'!G6,"") -> 500 | H5: =IF('Master Sheet'!C6="Area 1 (Meenu S)",'Master Sheet'!H6,"") -> 0 | I5: =IF('Master Sheet'!C6="Area 1 (Meenu S)",'Master Sheet'!I6,"") -> 0 | J5: =IF('Master Sheet'!C6="Area 1 (Meenu S)",'Master Sheet'!J6,"") -> 0 | K5: =IF('Master Sheet'!C6="Area 1 (Meenu S)",'Master Sheet'!K6,"") -> 0 | L5: =IF('Master Sheet'!C6="Area 1 (Meenu S)",'Master Sheet'!L6,"") -> 0 | M5: =IF('Master Sheet'!C6="Area 1 (Meenu S)",'Master Sheet'!M6,"") -> 0 | N5: =IF('Master Sheet'!C6="Area 1 (Meenu S)",'Master Sheet'!N6,"") -> 1000 | O5: =IF('Master Sheet'!C6="Area 1 (Meenu S)",'Master Sheet'!O6,"") -> 2500 | P5: =IF('Master Sheet'!C6="Area 1 (Meenu S)",'Master Sheet'!P6,"") -> Pending
A6: =IF('Master Sheet'!C7="Area 1 (Meenu S)",'Master Sheet'!A7,"") -> P005 | B6: =IF('Master Sheet'!C7="Area 1 (Meenu S)",'Master Sheet'!B7,"") -> Gokul , Poovathur | C6: Area 1 (Meenu S) | D6: =IF('Master Sheet'!C7="Area 1 (Meenu S)",'Master Sheet'!D7,"") -> 0 | E6: =IF('Master Sheet'!C7="Area 1 (Meenu S)",'Master Sheet'!E7,"") -> 0 | F6: =IF('Master Sheet'!C7="Area 1 (Meenu S)",'Master Sheet'!F7,"") -> 0 | G6: =IF('Master Sheet'!C7="Area 1 (Meenu S)",'Master Sheet'!G7,"") -> 2000 | H6: =IF('Master Sheet'!C7="Area 1 (Meenu S)",'Master Sheet'!H7,"") -> 0 | I6: =IF('Master Sheet'!C7="Area 1 (Meenu S)",'Master Sheet'!I7,"") -> 0 | J6: =IF('Master Sheet'!C7="Area 1 (Meenu S)",'Master Sheet'!J7,"") -> 0 | K6: =IF('Master Sheet'!C7="Area 1 (Meenu S)",'Master Sheet'!K7,"") -> 0 | L6: =IF('Master Sheet'!C7="Area 1 (Meenu S)",'Master Sheet'!L7,"") -> 0 | M6: =IF('Master Sheet'!C7="Area 1 (Meenu S)",'Master Sheet'!M7,"") -> 0 | N6: =IF('Master Sheet'!C7="Area 1 (Meenu S)",'Master Sheet'!N7,"") -> 2000 | O6: =IF('Master Sheet'!C7="Area 1 (Meenu S)",'Master Sheet'!O7,"") -> 1500 | P6: =IF('Master Sheet'!C7="Area 1 (Meenu S)",'Master Sheet'!P7,"") -> Pending
A7: =IF('Master Sheet'!C8="Area 1 (Meenu S)",'Master Sheet'!A8,"") -> P006 | B7: =IF('Master Sheet'!C8="Area 1 (Meenu S)",'Master Sheet'!B8,"") -> Latha , Vrayannur | C7: Area 1 (Meenu S) | D7: =IF('Master Sheet'!C8="Area 1 (Meenu S)",'Master Sheet'!D8,"") -> 250 | E7: =IF('Master Sheet'!C8="Area 1 (Meenu S)",'Master Sheet'!E8,"") -> 0 | F7: =IF('Master Sheet'!C8="Area 1 (Meenu S)",'Master Sheet'!F8,"") -> 0 | G7: =IF('Master Sheet'!C8="Area 1 (Meenu S)",'Master Sheet'!G8,"") -> 500 | H7: =IF('Master Sheet'!C8="Area 1 (Meenu S)",'Master Sheet'!H8,"") -> 0 | I7: =IF('Master Sheet'!C8="Area 1 (Meenu S)",'Master Sheet'!I8,"") -> 0 | J7: =IF('Master Sheet'!C8="Area 1 (Meenu S)",'Master Sheet'!J8,"") -> t | K7: =IF('Master Sheet'!C8="Area 1 (Meenu S)",'Master Sheet'!K8,"") -> 0 | L7: =IF('Master Sheet'!C8="Area 1 (Meenu S)",'Master Sheet'!L8,"") -> 0 | M7: =IF('Master Sheet'!C8="Area 1 (Meenu S)",'Master Sheet'!M8,"") -> 0 | N7: =IF('Master Sheet'!C8="Area 1 (Meenu S)",'Master Sheet'!N8,"") -> 750 | O7: =IF('Master Sheet'!C8="Area 1 (Meenu S)",'Master Sheet'!O8,"") -> 2750 | P7: =IF('Master Sheet'!C8="Area 1 (Meenu S)",'Master Sheet'!P8,"") -> Pending
A8: =IF('Master Sheet'!C9="Area 1 (Meenu S)",'Master Sheet'!A9,"") -> P007 | B8: =IF('Master Sheet'!C9="Area 1 (Meenu S)",'Master Sheet'!B9,"") -> Viswapriya , Varayannur | C8: Area 1 (Meenu S) | D8: =IF('Master Sheet'!C9="Area 1 (Meenu S)",'Master Sheet'!D9,"") -> 250 | E8: =IF('Master Sheet'!C9="Area 1 (Meenu S)",'Master Sheet'!E9,"") -> 0 | F8: =IF('Master Sheet'!C9="Area 1 (Meenu S)",'Master Sheet'!F9,"") -> 0 | G8: =IF('Master Sheet'!C9="Area 1 (Meenu S)",'Master Sheet'!G9,"") -> 0 | H8: =IF('Master Sheet'!C9="Area 1 (Meenu S)",'Master Sheet'!H9,"") -> 0 | I8: =IF('Master Sheet'!C9="Area 1 (Meenu S)",'Master Sheet'!I9,"") -> 0 | J8: =IF('Master Sheet'!C9="Area 1 (Meenu S)",'Master Sheet'!J9,"") -> 0 | K8: =IF('Master Sheet'!C9="Area 1 (Meenu S)",'Master Sheet'!K9,"") -> 0 | L8: =IF('Master Sheet'!C9="Area 1 (Meenu S)",'Master Sheet'!L9,"") -> 0 | M8: =IF('Master Sheet'!C9="Area 1 (Meenu S)",'Master Sheet'!M9,"") -> 0 | N8: =IF('Master Sheet'!C9="Area 1 (Meenu S)",'Master Sheet'!N9,"") -> 250 | O8: =IF('Master Sheet'!C9="Area 1 (Meenu S)",'Master Sheet'!O9,"") -> 3250 | P8: =IF('Master Sheet'!C9="Area 1 (Meenu S)",'Master Sheet'!P9,"") -> Pending
A9: =IF('Master Sheet'!C10="Area 1 (Meenu S)",'Master Sheet'!A10,"") -> P008 | B9: =IF('Master Sheet'!C10="Area 1 (Meenu S)",'Master Sheet'!B10,"") -> Ambili Varayannur | C9: Area 1 (Meenu S) | D9: =IF('Master Sheet'!C10="Area 1 (Meenu S)",'Master Sheet'!D10,"") -> 250 | E9: =IF('Master Sheet'!C10="Area 1 (Meenu S)",'Master Sheet'!E10,"") -> 0 | F9: =IF('Master Sheet'!C10="Area 1 (Meenu S)",'Master Sheet'!F10,"") -> 0 | G9: =IF('Master Sheet'!C10="Area 1 (Meenu S)",'Master Sheet'!G10,"") -> 500 | H9: =IF('Master Sheet'!C10="Area 1 (Meenu S)",'Master Sheet'!H10,"") -> 0 | I9: =IF('Master Sheet'!C10="Area 1 (Meenu S)",'Master Sheet'!I10,"") -> 0 | J9: =IF('Master Sheet'!C10="Area 1 (Meenu S)",'Master Sheet'!J10,"") -> 0 | K9: =IF('Master Sheet'!C10="Area 1 (Meenu S)",'Master Sheet'!K10,"") -> 0 | L9: =IF('Master Sheet'!C10="Area 1 (Meenu S)",'Master Sheet'!L10,"") -> 0 | M9: =IF('Master Sheet'!C10="Area 1 (Meenu S)",'Master Sheet'!M10,"") -> 0 | N9: =IF('Master Sheet'!C10="Area 1 (Meenu S)",'Master Sheet'!N10,"") -> 750 | O9: =IF('Master Sheet'!C10="Area 1 (Meenu S)",'Master Sheet'!O10,"") -> 2750 | P9: =IF('Master Sheet'!C10="Area 1 (Meenu S)",'Master Sheet'!P10,"") -> Pending
A10: =IF('Master Sheet'!C11="Area 1 (Meenu S)",'Master Sheet'!A11,"") -> P009 | B10: =IF('Master Sheet'!C11="Area 1 (Meenu S)",'Master Sheet'!B11,"") -> Ambili Varayannur | C10: Area 1 (Meenu S) | D10: =IF('Master Sheet'!C11="Area 1 (Meenu S)",'Master Sheet'!D11,"") -> 250 | E10: =IF('Master Sheet'!C11="Area 1 (Meenu S)",'Master Sheet'!E11,"") -> 0 | F10: =IF('Master Sheet'!C11="Area 1 (Meenu S)",'Master Sheet'!F11,"") -> 0 | G10: =IF('Master Sheet'!C11="Area 1 (Meenu S)",'Master Sheet'!G11,"") -> 0 | H10: =IF('Master Sheet'!C11="Area 1 (Meenu S)",'Master Sheet'!H11,"") -> 0 | I10: =IF('Master Sheet'!C11="Area 1 (Meenu S)",'Master Sheet'!I11,"") -> 0 | J10: =IF('Master Sheet'!C11="Area 1 (Meenu S)",'Master Sheet'!J11,"") -> 0 | K10: =IF('Master Sheet'!C11="Area 1 (Meenu S)",'Master Sheet'!K11,"") -> 0 | L10: =IF('Master Sheet'!C11="Area 1 (Meenu S)",'Master Sheet'!L11,"") -> 0 | M10: =IF('Master Sheet'!C11="Area 1 (Meenu S)",'Master Sheet'!M11,"") -> 0 | N10: =IF('Master Sheet'!C11="Area 1 (Meenu S)",'Master Sheet'!N11,"") -> 250 | O10: =IF('Master Sheet'!C11="Area 1 (Meenu S)",'Master Sheet'!O11,"") -> 3250 | P10: =IF('Master Sheet'!C11="Area 1 (Meenu S)",'Master Sheet'!P11,"") -> Pending
A11: =IF('Master Sheet'!C12="Area 1 (Meenu S)",'Master Sheet'!A12,"") -> P010 | B11: =IF('Master Sheet'!C12="Area 1 (Meenu S)",'Master Sheet'!B12,"") -> Lakshmi Ajeesh , Poovathur | C11: Area 1 (Meenu S) | D11: =IF('Master Sheet'!C12="Area 1 (Meenu S)",'Master Sheet'!D12,"") -> 0 | E11: =IF('Master Sheet'!C12="Area 1 (Meenu S)",'Master Sheet'!E12,"") -> 0 | F11: =IF('Master Sheet'!C12="Area 1 (Meenu S)",'Master Sheet'!F12,"") -> 0 | G11: =IF('Master Sheet'!C12="Area 1 (Meenu S)",'Master Sheet'!G12,"") -> 0 | H11: =IF('Master Sheet'!C12="Area 1 (Meenu S)",'Master Sheet'!H12,"") -> 0 | I11: =IF('Master Sheet'!C12="Area 1 (Meenu S)",'Master Sheet'!I12,"") -> 0 | J11: =IF('Master Sheet'!C12="Area 1 (Meenu S)",'Master Sheet'!J12,"") -> 0 | K11: =IF('Master Sheet'!C12="Area 1 (Meenu S)",'Master Sheet'!K12,"") -> 0 | L11: =IF('Master Sheet'!C12="Area 1 (Meenu S)",'Master Sheet'!L12,"") -> 0 | M11: =IF('Master Sheet'!C12="Area 1 (Meenu S)",'Master Sheet'!M12,"") -> 0 | N11: =IF('Master Sheet'!C12="Area 1 (Meenu S)",'Master Sheet'!N12,"") -> 0 | O11: =IF('Master Sheet'!C12="Area 1 (Meenu S)",'Master Sheet'!O12,"") -> 3500 | P11: =IF('Master Sheet'!C12="Area 1 (Meenu S)",'Master Sheet'!P12,"") -> Pending
A12: =IF('Master Sheet'!C13="Area 1 (Meenu S)",'Master Sheet'!A13,"") -> P011 | B12: =IF('Master Sheet'!C13="Area 1 (Meenu S)",'Master Sheet'!B13,"") -> Seema Manoj , Poovathur | C12: Area 1 (Meenu S) | D12: =IF('Master Sheet'!C13="Area 1 (Meenu S)",'Master Sheet'!D13,"") -> 0 | E12: =IF('Master Sheet'!C13="Area 1 (Meenu S)",'Master Sheet'!E13,"") -> 0 | F12: =IF('Master Sheet'!C13="Area 1 (Meenu S)",'Master Sheet'!F13,"") -> 0 | G12: =IF('Master Sheet'!C13="Area 1 (Meenu S)",'Master Sheet'!G13,"") -> 0 | H12: =IF('Master Sheet'!C13="Area 1 (Meenu S)",'Master Sheet'!H13,"") -> 0 | I12: =IF('Master Sheet'!C13="Area 1 (Meenu S)",'Master Sheet'!I13,"") -> 0 | J12: =IF('Master Sheet'!C13="Area 1 (Meenu S)",'Master Sheet'!J13,"") -> 0 | K12: =IF('Master Sheet'!C13="Area 1 (Meenu S)",'Master Sheet'!K13,"") -> 0 | L12: =IF('Master Sheet'!C13="Area 1 (Meenu S)",'Master Sheet'!L13,"") -> 0 | M12: =IF('Master Sheet'!C13="Area 1 (Meenu S)",'Master Sheet'!M13,"") -> 0 | N12: =IF('Master Sheet'!C13="Area 1 (Meenu S)",'Master Sheet'!N13,"") -> 0 | O12: =IF('Master Sheet'!C13="Area 1 (Meenu S)",'Master Sheet'!O13,"") -> 3500 | P12: =IF('Master Sheet'!C13="Area 1 (Meenu S)",'Master Sheet'!P13,"") -> Pending
A13: =IF('Master Sheet'!C14="Area 1 (Meenu S)",'Master Sheet'!A14,"") -> P012 | B13: =IF('Master Sheet'!C14="Area 1 (Meenu S)",'Master Sheet'!B14,"") -> Seema Manoj , Poovathur | C13: Area 1 (Meenu S) | D13: =IF('Master Sheet'!C14="Area 1 (Meenu S)",'Master Sheet'!D14,"") -> 0 | E13: =IF('Master Sheet'!C14="Area 1 (Meenu S)",'Master Sheet'!E14,"") -> 0 | F13: =IF('Master Sheet'!C14="Area 1 (Meenu S)",'Master Sheet'!F14,"") -> 0 | G13: =IF('Master Sheet'!C14="Area 1 (Meenu S)",'Master Sheet'!G14,"") -> 0 | H13: =IF('Master Sheet'!C14="Area 1 (Meenu S)",'Master Sheet'!H14,"") -> 0 | I13: =IF('Master Sheet'!C14="Area 1 (Meenu S)",'Master Sheet'!I14,"") -> 0 | J13: =IF('Master Sheet'!C14="Area 1 (Meenu S)",'Master Sheet'!J14,"") -> 0 | K13: =IF('Master Sheet'!C14="Area 1 (Meenu S)",'Master Sheet'!K14,"") -> 0 | L13: =IF('Master Sheet'!C14="Area 1 (Meenu S)",'Master Sheet'!L14,"") -> 0 | M13: =IF('Master Sheet'!C14="Area 1 (Meenu S)",'Master Sheet'!M14,"") -> 0 | N13: =IF('Master Sheet'!C14="Area 1 (Meenu S)",'Master Sheet'!N14,"") -> 0 | O13: =IF('Master Sheet'!C14="Area 1 (Meenu S)",'Master Sheet'!O14,"") -> 3500 | P13: =IF('Master Sheet'!C14="Area 1 (Meenu S)",'Master Sheet'!P14,"") -> Pending
... A151: =IF('Master Sheet'!C152="Area 1 (Meenu S)",'Master Sheet'!A152,"") | B151: =IF('Master Sheet'!C152="Area 1 (Meenu S)",'Master Sheet'!B152,"") | C151: Area 1 (Meenu S) | D151: =IF('Master Sheet'!C152="Area 1 (Meenu S)",'Master Sheet'!D152,"") | E151: =IF('Master Sheet'!C152="Area 1 (Meenu S)",'Master Sheet'!E152,"") | F151: =IF('Master Sheet'!C152="Area 1 (Meenu S)",'Master Sheet'!F152,"") | G151: =IF('Master Sheet'!C152="Area 1 (Meenu S)",'Master Sheet'!G152,"") | H151: =IF('Master Sheet'!C152="Area 1 (Meenu S)",'Master Sheet'!H152,"") | I151: =IF('Master Sheet'!C152="Area 1 (Meenu S)",'Master Sheet'!I152,"") | J151: =IF('Master Sheet'!C152="Area 1 (Meenu S)",'Master Sheet'!J152,"") | K151: =IF('Master Sheet'!C152="Area 1 (Meenu S)",'Master Sheet'!K152,"") | L151: =IF('Master Sheet'!C152="Area 1 (Meenu S)",'Master Sheet'!L152,"") | M151: =IF('Master Sheet'!C152="Area 1 (Meenu S)",'Master Sheet'!M152,"") | N151: =IF('Master Sheet'!C152="Area 1 (Meenu S)",'Master Sheet'!N152,"") | O151: =IF('Master Sheet'!C152="Area 1 (Meenu S)",'Master Sheet'!O152,"") | P151: =IF('Master Sheet'!C152="Area 1 (Meenu S)",'Master Sheet'!P152,"")
D152: =SUBTOTAL(9,D2:D151) -> 4600 | E152: =SUBTOTAL(9,E2:E151) -> 500 | F152: =SUBTOTAL(9,F2:F151) -> 2350 | G152: =SUBTOTAL(9,G2:G151) -> 8100 | H152: =SUBTOTAL(9,H2:H151) -> 0 | I152: =SUBTOTAL(9,I2:I151) -> 0 | J152: =SUBTOTAL(9,J2:J151) -> 0 | K152: =SUBTOTAL(9,K2:K151) -> 0 | ... M152: =SUBTOTAL(9,M2:M151) -> 0 | N152: =D152+E152+F152+G152+H152+I152+J152+K152+L152+M152 -> 15550

Sheet Area 2 (Viswakala S)
A1: Person ID | B1: Name | C1: Area | D1: Oct | E1: Nov | F1: Dec | G1: Jan | H1: Feb | I1: Mar | J1: Apr | K1: May | L1: Jun | M1: Jul | N1: Total Paid | O1: Balance | P1: Status
A2: =IF('Master Sheet'!C3="Area 2 (Viswakala S)",'Master Sheet'!A3,"") | B2: =IF('Master Sheet'!C3="Area 2 (Viswakala S)",'Master Sheet'!B3,"") | C2: Area 2 (Viswakala S) | D2: =IF('Master Sheet'!C3="Area 2 (Viswakala S)",'Master Sheet'!D3,"") | E2: =IF('Master Sheet'!C3="Area 2 (Viswakala S)",'Master Sheet'!E3,"") | F2: =IF('Master Sheet'!C3="Area 2 (Viswakala S)",'Master Sheet'!F3,"") | G2: =IF('Master Sheet'!C3="Area 2 (Viswakala S)",'Master Sheet'!G3,"") | H2: =IF('Master Sheet'!C3="Area 2 (Viswakala S)",'Master Sheet'!H3,"") | I2: =IF('Master Sheet'!C3="Area 2 (Viswakala S)",'Master Sheet'!I3,"") | J2: =IF('Master Sheet'!C3="Area 2 (Viswakala S)",'Master Sheet'!J3,"") | K2: =IF('Master Sheet'!C3="Area 2 (Viswakala S)",'Master Sheet'!K3,"") | L2: =IF('Master Sheet'!C3="Area 2 (Viswakala S)",'Master Sheet'!L3,"") | M2: =IF('Master Sheet'!C3="Area 2 (Viswakala S)",'Master Sheet'!M3,"") | N2: =IF('Master Sheet'!C3="Area 2 (Viswakala S)",'Master Sheet'!N3,"") | O2: =IF('Master Sheet'!C3="Area 2 (Viswakala S)",'Master Sheet'!O3,"") | P2: =IF('Master Sheet'!C3="Area 2 (Viswakala S)",'Master Sheet'!P3,"")
A3: =IF('Master Sheet'!C4="Area 2 (Viswakala S)",'Master Sheet'!A4,"") | B3: =IF('Master Sheet'!C4="Area 2 (Viswakala S)",'Master Sheet'!B4,"") | C3: Area 2 (Viswakala S) | D3: =IF('Master Sheet'!C4="Area 2 (Viswakala S)",'Master Sheet'!D4,"") | E3: =IF('Master Sheet'!C4="Area 2 (Viswakala S)",'Master Sheet'!E4,"") | F3: =IF('Master Sheet'!C4="Area 2 (Viswakala S)",'Master Sheet'!F4,"") | G3: =IF('Master Sheet'!C4="Area 2 (Viswakala S)",'Master Sheet'!G4,"") | H3: =IF('Master Sheet'!C4="Area 2 (Viswakala S)",'Master Sheet'!H4,"") | I3: =IF('Master Sheet'!C4="Area 2 (Viswakala S)",'Master Sheet'!I4,"") | J3: =IF('Master Sheet'!C4="Area 2 (Viswakala S)",'Master Sheet'!J4,"") | K3: =IF('Master Sheet'!C4="Area 2 (Viswakala S)",'Master Sheet'!K4,"") | L3: =IF('Master Sheet'!C4="Area 2 (Viswakala S)",'Master Sheet'!L4,"") | M3: =IF('Master Sheet'!C4="Area 2 (Viswakala S)",'Master Sheet'!M4,"") | N3: =IF('Master Sheet'!C4="Area 2 (Viswakala S)",'Master Sheet'!N4,"") | O3: =IF('Master Sheet'!C4="Area 2 (Viswakala S)",'Master Sheet'!O4,"") | P3: =IF('Master Sheet'!C4="Area 2 (Viswakala S)",'Master Sheet'!P4,"")
A4: =IF('Master Sheet'!C5="Area 2 (Viswakala S)",'Master Sheet'!A5,"") | B4: =IF('Master Sheet'!C5="Area 2 (Viswakala S)",'Master Sheet'!B5,"") | C4: Area 2 (Viswakala S) | D4: =IF('Master Sheet'!C5="Area 2 (Viswakala S)",'Master Sheet'!D5,"") | E4: =IF('Master Sheet'!C5="Area 2 (Viswakala S)",'Master Sheet'!E5,"") | F4: =IF('Master Sheet'!C5="Area 2 (Viswakala S)",'Master Sheet'!F5,"") | G4: =IF('Master Sheet'!C5="Area 2 (Viswakala S)",'Master Sheet'!G5,"") | H4: =IF('Master Sheet'!C5="Area 2 (Viswakala S)",'Master Sheet'!H5,"") | I4: =IF('Master Sheet'!C5="Area 2 (Viswakala S)",'Master Sheet'!I5,"") | J4: =IF('Master Sheet'!C5="Area 2 (Viswakala S)",'Master Sheet'!J5,"") | K4: =IF('Master Sheet'!C5="Area 2 (Viswakala S)",'Master Sheet'!K5,"") | L4: =IF('Master Sheet'!C5="Area 2 (Viswakala S)",'Master Sheet'!L5,"") | M4: =IF('Master Sheet'!C5="Area 2 (Viswakala S)",'Master Sheet'!M5,"") | N4: =IF('Master Sheet'!C5="Area 2 (Viswakala S)",'Master Sheet'!N5,"") | O4: =IF('Master Sheet'!C5="Area 2 (Viswakala S)",'Master Sheet'!O5,"") | P4: =IF('Master Sheet'!C5="Area 2 (Viswakala S)",'Master Sheet'!P5,"")
A5: =IF('Master Sheet'!C6="Area 2 (Viswakala S)",'Master Sheet'!A6,"") | B5: =IF('Master Sheet'!C6="Area 2 (Viswakala S)",'Master Sheet'!B6,"") | C5: Area 2 (Viswakala S) | D5: =IF('Master Sheet'!C6="Area 2 (Viswakala S)",'Master Sheet'!D6,"") | E5: =IF('Master Sheet'!C6="Area 2 (Viswakala S)",'Master Sheet'!E6,"") | F5: =IF('Master Sheet'!C6="Area 2 (Viswakala S)",'Master Sheet'!F6,"") | G5: =IF('Master Sheet'!C6="Area 2 (Viswakala S)",'Master Sheet'!G6,"") | H5: =IF('Master Sheet'!C6="Area 2 (Viswakala S)",'Master Sheet'!H6,"") | I5: =IF('Master Sheet'!C6="Area 2 (Viswakala S)",'Master Sheet'!I6,"") | J5: =IF('Master Sheet'!C6="Area 2 (Viswakala S)",'Master Sheet'!J6,"") | K5: =IF('Master Sheet'!C6="Area 2 (Viswakala S)",'Master Sheet'!K6,"") | L5: =IF('Master Sheet'!C6="Area 2 (Viswakala S)",'Master Sheet'!L6,"") | M5: =IF('Master Sheet'!C6="Area 2 (Viswakala S)",'Master Sheet'!M6,"") | N5: =IF('Master Sheet'!C6="Area 2 (Viswakala S)",'Master Sheet'!N6,"") | O5: =IF('Master Sheet'!C6="Area 2 (Viswakala S)",'Master Sheet'!O6,"") | P5: =IF('Master Sheet'!C6="Area 2 (Viswakala S)",'Master Sheet'!P6,"")
A6: =IF('Master Sheet'!C7="Area 2 (Viswakala S)",'Master Sheet'!A7,"") | B6: =IF('Master Sheet'!C7="Area 2 (Viswakala S)",'Master Sheet'!B7,"") | C6: Area 2 (Viswakala S) | D6: =IF('Master Sheet'!C7="Area 2 (Viswakala S)",'Master Sheet'!D7,"") | E6: =IF('Master Sheet'!C7="Area 2 (Viswakala S)",'Master Sheet'!E7,"") | F6: =IF('Master Sheet'!C7="Area 2 (Viswakala S)",'Master Sheet'!F7,"") | G6: =IF('Master Sheet'!C7="Area 2 (Viswakala S)",'Master Sheet'!G7,"") | H6: =IF('Master Sheet'!C7="Area 2 (Viswakala S)",'Master Sheet'!H7,"") | I6: =IF('Master Sheet'!C7="Area 2 (Viswakala S)",'Master Sheet'!I7,"") | J6: =IF('Master Sheet'!C7="Area 2 (Viswakala S)",'Master Sheet'!J7,"") | K6: =IF('Master Sheet'!C7="Area 2 (Viswakala S)",'Master Sheet'!K7,"") | L6: =IF('Master Sheet'!C7="Area 2 (Viswakala S)",'Master Sheet'!L7,"") | M6: =IF('Master Sheet'!C7="Area 2 (Viswakala S)",'Master Sheet'!M7,"") | N6: =IF('Master Sheet'!C7="Area 2 (Viswakala S)",'Master Sheet'!N7,"") | O6: =IF('Master Sheet'!C7="Area 2 (Viswakala S)",'Master Sheet'!O7,"") | P6: =IF('Master Sheet'!C7="Area 2 (Viswakala S)",'Master Sheet'!P7,"")
A7: =IF('Master Sheet'!C8="Area 2 (Viswakala S)",'Master Sheet'!A8,"") | B7: =IF('Master Sheet'!C8="Area 2 (Viswakala S)",'Master Sheet'!B8,"") | C7: Area 2 (Viswakala S) | D7: =IF('Master Sheet'!C8="Area 2 (Viswakala S)",'Master Sheet'!D8,"") | E7: =IF('Master Sheet'!C8="Area 2 (Viswakala S)",'Master Sheet'!E8,"") | F7: =IF('Master Sheet'!C8="Area 2 (Viswakala S)",'Master Sheet'!F8,"") | G7: =IF('Master Sheet'!C8="Area 2 (Viswakala S)",'Master Sheet'!G8,"") | H7: =IF('Master Sheet'!C8="Area 2 (Viswakala S)",'Master Sheet'!H8,"") | I7: =IF('Master Sheet'!C8="Area 2 (Viswakala S)",'Master Sheet'!I8,"") | J7: =IF('Master Sheet'!C8="Area 2 (Viswakala S)",'Master Sheet'!J8,"") | K7: =IF('Master Sheet'!C8="Area 2 (Viswakala S)",'Master Sheet'!K8,"") | L7: =IF('Master Sheet'!C8="Area 2 (Viswakala S)",'Master Sheet'!L8,"") | M7: =IF('Master Sheet'!C8="Area 2 (Viswakala S)",'Master Sheet'!M8,"") | N7: =IF('Master Sheet'!C8="Area 2 (Viswakala S)",'Master Sheet'!N8,"") | O7: =IF('Master Sheet'!C8="Area 2 (Viswakala S)",'Master Sheet'!O8,"") | P7: =IF('Master Sheet'!C8="Area 2 (Viswakala S)",'Master Sheet'!P8,"")
A8: =IF('Master Sheet'!C9="Area 2 (Viswakala S)",'Master Sheet'!A9,"") | B8: =IF('Master Sheet'!C9="Area 2 (Viswakala S)",'Master Sheet'!B9,"") | C8: Area 2 (Viswakala S) | D8: =IF('Master Sheet'!C9="Area 2 (Viswakala S)",'Master Sheet'!D9,"") | E8: =IF('Master Sheet'!C9="Area 2 (Viswakala S)",'Master Sheet'!E9,"") | F8: =IF('Master Sheet'!C9="Area 2 (Viswakala S)",'Master Sheet'!F9,"") | G8: =IF('Master Sheet'!C9="Area 2 (Viswakala S)",'Master Sheet'!G9,"") | H8: =IF('Master Sheet'!C9="Area 2 (Viswakala S)",'Master Sheet'!H9,"") | I8: =IF('Master Sheet'!C9="Area 2 (Viswakala S)",'Master Sheet'!I9,"") | J8: =IF('Master Sheet'!C9="Area 2 (Viswakala S)",'Master Sheet'!J9,"") | K8: =IF('Master Sheet'!C9="Area 2 (Viswakala S)",'Master Sheet'!K9,"") | L8: =IF('Master Sheet'!C9="Area 2 (Viswakala S)",'Master Sheet'!L9,"") | M8: =IF('Master Sheet'!C9="Area 2 (Viswakala S)",'Master Sheet'!M9,"") | N8: =IF('Master Sheet'!C9="Area 2 (Viswakala S)",'Master Sheet'!N9,"") | O8: =IF('Master Sheet'!C9="Area 2 (Viswakala S)",'Master Sheet'!O9,"") | P8: =IF('Master Sheet'!C9="Area 2 (Viswakala S)",'Master Sheet'!P9,"")
A9: =IF('Master Sheet'!C10="Area 2 (Viswakala S)",'Master Sheet'!A10,"") | B9: =IF('Master Sheet'!C10="Area 2 (Viswakala S)",'Master Sheet'!B10,"") | C9: Area 2 (Viswakala S) | D9: =IF('Master Sheet'!C10="Area 2 (Viswakala S)",'Master Sheet'!D10,"") | E9: =IF('Master Sheet'!C10="Area 2 (Viswakala S)",'Master Sheet'!E10,"") | F9: =IF('Master Sheet'!C10="Area 2 (Viswakala S)",'Master Sheet'!F10,"") | G9: =IF('Master Sheet'!C10="Area 2 (Viswakala S)",'Master Sheet'!G10,"") | H9: =IF('Master Sheet'!C10="Area 2 (Viswakala S)",'Master Sheet'!H10,"") | I9: =IF('Master Sheet'!C10="Area 2 (Viswakala S)",'Master Sheet'!I10,"") | J9: =IF('Master Sheet'!C10="Area 2 (Viswakala S)",'Master Sheet'!J10,"") | K9: =IF('Master Sheet'!C10="Area 2 (Viswakala S)",'Master Sheet'!K10,"") | L9: =IF('Master Sheet'!C10="Area 2 (Viswakala S)",'Master Sheet'!L10,"") | M9: =IF('Master Sheet'!C10="Area 2 (Viswakala S)",'Master Sheet'!M10,"") | N9: =IF('Master Sheet'!C10="Area 2 (Viswakala S)",'Master Sheet'!N10,"") | O9: =IF('Master Sheet'!C10="Area 2 (Viswakala S)",'Master Sheet'!O10,"") | P9: =IF('Master Sheet'!C10="Area 2 (Viswakala S)",'Master Sheet'!P10,"")
A10: =IF('Master Sheet'!C11="Area 2 (Viswakala S)",'Master Sheet'!A11,"") | B10: =IF('Master Sheet'!C11="Area 2 (Viswakala S)",'Master Sheet'!B11,"") | C10: Area 2 (Viswakala S) | D10: =IF('Master Sheet'!C11="Area 2 (Viswakala S)",'Master Sheet'!D11,"") | E10: =IF('Master Sheet'!C11="Area 2 (Viswakala S)",'Master Sheet'!E11,"") | F10: =IF('Master Sheet'!C11="Area 2 (Viswakala S)",'Master Sheet'!F11,"") | G10: =IF('Master Sheet'!C11="Area 2 (Viswakala S)",'Master Sheet'!G11,"") | H10: =IF('Master Sheet'!C11="Area 2 (Viswakala S)",'Master Sheet'!H11,"") | I10: =IF('Master Sheet'!C11="Area 2 (Viswakala S)",'Master Sheet'!I11,"") | J10: =IF('Master Sheet'!C11="Area 2 (Viswakala S)",'Master Sheet'!J11,"") | K10: =IF('Master Sheet'!C11="Area 2 (Viswakala S)",'Master Sheet'!K11,"") | L10: =IF('Master Sheet'!C11="Area 2 (Viswakala S)",'Master Sheet'!L11,"") | M10: =IF('Master Sheet'!C11="Area 2 (Viswakala S)",'Master Sheet'!M11,"") | N10: =IF('Master Sheet'!C11="Area 2 (Viswakala S)",'Master Sheet'!N11,"") | O10: =IF('Master Sheet'!C11="Area 2 (Viswakala S)",'Master Sheet'!O11,"") | P10: =IF('Master Sheet'!C11="Area 2 (Viswakala S)",'Master Sheet'!P11,"")
A11: =IF('Master Sheet'!C12="Area 2 (Viswakala S)",'Master Sheet'!A12,"") | B11: =IF('Master Sheet'!C12="Area 2 (Viswakala S)",'Master Sheet'!B12,"") | C11: Area 2 (Viswakala S) | D11: =IF('Master Sheet'!C12="Area 2 (Viswakala S)",'Master Sheet'!D12,"") | E11: =IF('Master Sheet'!C12="Area 2 (Viswakala S)",'Master Sheet'!E12,"") | F11: =IF('Master Sheet'!C12="Area 2 (Viswakala S)",'Master Sheet'!F12,"") | G11: =IF('Master Sheet'!C12="Area 2 (Viswakala S)",'Master Sheet'!G12,"") | H11: =IF('Master Sheet'!C12="Area 2 (Viswakala S)",'Master Sheet'!H12,"") | I11: =IF('Master Sheet'!C12="Area 2 (Viswakala S)",'Master Sheet'!I12,"") | J11: =IF('Master Sheet'!C12="Area 2 (Viswakala S)",'Master Sheet'!J12,"") | K11: =IF('Master Sheet'!C12="Area 2 (Viswakala S)",'Master Sheet'!K12,"") | L11: =IF('Master Sheet'!C12="Area 2 (Viswakala S)",'Master Sheet'!L12,"") | M11: =IF('Master Sheet'!C12="Area 2 (Viswakala S)",'Master Sheet'!M12,"") | N11: =IF('Master Sheet'!C12="Area 2 (Viswakala S)",'Master Sheet'!N12,"") | O11: =IF('Master Sheet'!C12="Area 2 (Viswakala S)",'Master Sheet'!O12,"") | P11: =IF('Master Sheet'!C12="Area 2 (Viswakala S)",'Master Sheet'!P12,"")
A12: =IF('Master Sheet'!C13="Area 2 (Viswakala S)",'Master Sheet'!A13,"") | B12: =IF('Master Sheet'!C13="Area 2 (Viswakala S)",'Master Sheet'!B13,"") | C12: Area 2 (Viswakala S) | D12: =IF('Master Sheet'!C13="Area 2 (Viswakala S)",'Master Sheet'!D13,"") | E12: =IF('Master Sheet'!C13="Area 2 (Viswakala S)",'Master Sheet'!E13,"") | F12: =IF('Master Sheet'!C13="Area 2 (Viswakala S)",'Master Sheet'!F13,"") | G12: =IF('Master Sheet'!C13="Area 2 (Viswakala S)",'Master Sheet'!G13,"") | H12: =IF('Master Sheet'!C13="Area 2 (Viswakala S)",'Master Sheet'!H13,"") | I12: =IF('Master Sheet'!C13="Area 2 (Viswakala S)",'Master Sheet'!I13,"") | J12: =IF('Master Sheet'!C13="Area 2 (Viswakala S)",'Master Sheet'!J13,"") | K12: =IF('Master Sheet'!C13="Area 2 (Viswakala S)",'Master Sheet'!K13,"") | L12: =IF('Master Sheet'!C13="Area 2 (Viswakala S)",'Master Sheet'!L13,"") | M12: =IF('Master Sheet'!C13="Area 2 (Viswakala S)",'Master Sheet'!M13,"") | N12: =IF('Master Sheet'!C13="Area 2 (Viswakala S)",'Master Sheet'!N13,"") | O12: =IF('Master Sheet'!C13="Area 2 (Viswakala S)",'Master Sheet'!O13,"") | P12: =IF('Master Sheet'!C13="Area 2 (Viswakala S)",'Master Sheet'!P13,"")
A13: =IF('Master Sheet'!C14="Area 2 (Viswakala S)",'Master Sheet'!A14,"") | B13: =IF('Master Sheet'!C14="Area 2 (Viswakala S)",'Master Sheet'!B14,"") | C13: Area 2 (Viswakala S) | D13: =IF('Master Sheet'!C14="Area 2 (Viswakala S)",'Master Sheet'!D14,"") | E13: =IF('Master Sheet'!C14="Area 2 (Viswakala S)",'Master Sheet'!E14,"") | F13: =IF('Master Sheet'!C14="Area 2 (Viswakala S)",'Master Sheet'!F14,"") | G13: =IF('Master Sheet'!C14="Area 2 (Viswakala S)",'Master Sheet'!G14,"") | H13: =IF('Master Sheet'!C14="Area 2 (Viswakala S)",'Master Sheet'!H14,"") | I13: =IF('Master Sheet'!C14="Area 2 (Viswakala S)",'Master Sheet'!I14,"") | J13: =IF('Master Sheet'!C14="Area 2 (Viswakala S)",'Master Sheet'!J14,"") | K13: =IF('Master Sheet'!C14="Area 2 (Viswakala S)",'Master Sheet'!K14,"") | L13: =IF('Master Sheet'!C14="Area 2 (Viswakala S)",'Master Sheet'!L14,"") | M13: =IF('Master Sheet'!C14="Area 2 (Viswakala S)",'Master Sheet'!M14,"") | N13: =IF('Master Sheet'!C14="Area 2 (Viswakala S)",'Master Sheet'!N14,"") | O13: =IF('Master Sheet'!C14="Area 2 (Viswakala S)",'Master Sheet'!O14,"") | P13: =IF('Master Sheet'!C14="Area 2 (Viswakala S)",'Master Sheet'!P14,"")
... A151: =IF('Master Sheet'!C152="Area 2 (Viswakala S)",'Master Sheet'!A152,"") | B151: =IF('Master Sheet'!C152="Area 2 (Viswakala S)",'Master Sheet'!B152,"") | C151: Area 2 (Viswakala S) | D151: =IF('Master Sheet'!C152="Area 2 (Viswakala S)",'Master Sheet'!D152,"") | E151: =IF('Master Sheet'!C152="Area 2 (Viswakala S)",'Master Sheet'!E152,"") | F151: =IF('Master Sheet'!C152="Area 2 (Viswakala S)",'Master Sheet'!F152,"") | G151: =IF('Master Sheet'!C152="Area 2 (Viswakala S)",'Master Sheet'!G152,"") | H151: =IF('Master Sheet'!C152="Area 2 (Viswakala S)",'Master Sheet'!H152,"") | I151: =IF('Master Sheet'!C152="Area 2 (Viswakala S)",'Master Sheet'!I152,"") | J151: =IF('Master Sheet'!C152="Area 2 (Viswakala S)",'Master Sheet'!J152,"") | K151: =IF('Master Sheet'!C152="Area 2 (Viswakala S)",'Master Sheet'!K152,"") | L151: =IF('Master Sheet'!C152="Area 2 (Viswakala S)",'Master Sheet'!L152,"") | M151: =IF('Master Sheet'!C152="Area 2 (Viswakala S)",'Master Sheet'!M152,"") | N151: =IF('Master Sheet'!C152="Area 2 (Viswakala S)",'Master Sheet'!N152,"") | O151: =IF('Master Sheet'!C152="Area 2 (Viswakala S)",'Master Sheet'!O152,"") | P151: =IF('Master Sheet'!C152="Area 2 (Viswakala S)",'Master Sheet'!P152,"")
D152: =SUBTOTAL(9,D33:D151) -> 1200 | E152: =SUBTOTAL(9,E33:E151) -> 2300 | F152: =SUBTOTAL(9,F33:F151) -> 2400 | G152: =SUBTOTAL(9,G33:G151) -> 2700 | H152: =SUBTOTAL(9,H33:H151) -> 0 | I152: =SUBTOTAL(9,I33:I151) -> 0 | J152: =SUBTOTAL(9,J33:J151) -> 0 | K152: =SUBTOTAL(9,K33:K151) -> 0 | ... M152: =SUBTOTAL(9,M33:M151) -> 0 | N152: =D152+E152+F152+G152+H152+I152+J152+K152+L152+M152 -> 8600

Sheet Area 3 (Saranya R)
A1: Person ID | B1: Name | C1: Area | D1: Oct | E1: Nov | F1: Dec | G1: Jan | H1: Feb | I1: Mar | J1: Apr | K1: May | L1: Jun | M1: Jul | N1: Total Paid | O1: Balance | P1: Status
A2: =IF('Master Sheet'!C3="Area 3 (Saranya R)",'Master Sheet'!A3,"") | B2: =IF('Master Sheet'!C3="Area 3 (Saranya R)",'Master Sheet'!B3,"") | C2: Area 3 (Saranya R) | D2: =IF('Master Sheet'!C3="Area 3 (Saranya R)",'Master Sheet'!D3,"") | E2: =IF('Master Sheet'!C3="Area 3 (Saranya R)",'Master Sheet'!E3,"") | F2: =IF('Master Sheet'!C3="Area 3 (Saranya R)",'Master Sheet'!F3,"") | G2: =IF('Master Sheet'!C3="Area 3 (Saranya R)",'Master Sheet'!G3,"") | H2: =IF('Master Sheet'!C3="Area 3 (Saranya R)",'Master Sheet'!H3,"") | I2: =IF('Master Sheet'!C3="Area 3 (Saranya R)",'Master Sheet'!I3,"") | J2: =IF('Master Sheet'!C3="Area 3 (Saranya R)",'Master Sheet'!J3,"") | K2: =IF('Master Sheet'!C3="Area 3 (Saranya R)",'Master Sheet'!K3,"") | L2: =IF('Master Sheet'!C3="Area 3 (Saranya R)",'Master Sheet'!L3,"") | M2: =IF('Master Sheet'!C3="Area 3 (Saranya R)",'Master Sheet'!M3,"") | N2: =IF('Master Sheet'!C3="Area 3 (Saranya R)",'Master Sheet'!N3,"") | O2: =IF('Master Sheet'!C3="Area 3 (Saranya R)",'Master Sheet'!O3,"") | P2: =IF('Master Sheet'!C3="Area 3 (Saranya R)",'Master Sheet'!P3,"")
A3: =IF('Master Sheet'!C4="Area 3 (Saranya R)",'Master Sheet'!A4,"") | B3: =IF('Master Sheet'!C4="Area 3 (Saranya R)",'Master Sheet'!B4,"") | C3: Area 3 (Saranya R) | D3: =IF('Master Sheet'!C4="Area 3 (Saranya R)",'Master Sheet'!D4,"") | E3: =IF('Master Sheet'!C4="Area 3 (Saranya R)",'Master Sheet'!E4,"") | F3: =IF('Master Sheet'!C4="Area 3 (Saranya R)",'Master Sheet'!F4,"") | G3: =IF('Master Sheet'!C4="Area 3 (Saranya R)",'Master Sheet'!G4,"") | H3: =IF('Master Sheet'!C4="Area 3 (Saranya R)",'Master Sheet'!H4,"") | I3: =IF('Master Sheet'!C4="Area 3 (Saranya R)",'Master Sheet'!I4,"") | J3: =IF('Master Sheet'!C4="Area 3 (Saranya R)",'Master Sheet'!J4,"") | K3: =IF('Master Sheet'!C4="Area 3 (Saranya R)",'Master Sheet'!K4,"") | L3: =IF('Master Sheet'!C4="Area 3 (Saranya R)",'Master Sheet'!L4,"") | M3: =IF('Master Sheet'!C4="Area 3 (Saranya R)",'Master Sheet'!M4,"") | N3: =IF('Master Sheet'!C4="Area 3 (Saranya R)",'Master Sheet'!N4,"") | O3: =IF('Master Sheet'!C4="Area 3 (Saranya R)",'Master Sheet'!O4,"") | P3: =IF('Master Sheet'!C4="Area 3 (Saranya R)",'Master Sheet'!P4,"")
A4: =IF('Master Sheet'!C5="Area 3 (Saranya R)",'Master Sheet'!A5,"") | B4: =IF('Master Sheet'!C5="Area 3 (Saranya R)",'Master Sheet'!B5,"") | C4: Area 3 (Saranya R) | D4: =IF('Master Sheet'!C5="Area 3 (Saranya R)",'Master Sheet'!D5,"") | E4: =IF('Master Sheet'!C5="Area 3 (Saranya R)",'Master Sheet'!E5,"") | F4: =IF('Master Sheet'!C5="Area 3 (Saranya R)",'Master Sheet'!F5,"") | G4: =IF('Master Sheet'!C5="Area 3 (Saranya R)",'Master Sheet'!G5,"") | H4: =IF('Master Sheet'!C5="Area 3 (Saranya R)",'Master Sheet'!H5,"") | I4: =IF('Master Sheet'!C5="Area 3 (Saranya R)",'Master Sheet'!I5,"") | J4: =IF('Master Sheet'!C5="Area 3 (Saranya R)",'Master Sheet'!J5,"") | K4: =IF('Master Sheet'!C5="Area 3 (Saranya R)",'Master Sheet'!K5,"") | L4: =IF('Master Sheet'!C5="Area 3 (Saranya R)",'Master Sheet'!L5,"") | M4: =IF('Master Sheet'!C5="Area 3 (Saranya R)",'Master Sheet'!M5,"") | N4: =IF('Master Sheet'!C5="Area 3 (Saranya R)",'Master Sheet'!N5,"") | O4: =IF('Master Sheet'!C5="Area 3 (Saranya R)",'Master Sheet'!O5,"") | P4: =IF('Master Sheet'!C5="Area 3 (Saranya R)",'Master Sheet'!P5,"")
A5: =IF('Master Sheet'!C6="Area 3 (Saranya R)",'Master Sheet'!A6,"") | B5: =IF('Master Sheet'!C6="Area 3 (Saranya R)",'Master Sheet'!B6,"") | C5: Area 3 (Saranya R) | D5: =IF('Master Sheet'!C6="Area 3 (Saranya R)",'Master Sheet'!D6,"") | E5: =IF('Master Sheet'!C6="Area 3 (Saranya R)",'Master Sheet'!E6,"") | F5: =IF('Master Sheet'!C6="Area 3 (Saranya R)",'Master Sheet'!F6,"") | G5: =IF('Master Sheet'!C6="Area 3 (Saranya R)",'Master Sheet'!G6,"") | H5: =IF('Master Sheet'!C6="Area 3 (Saranya R)",'Master Sheet'!H6,"") | I5: =IF('Master Sheet'!C6="Area 3 (Saranya R)",'Master Sheet'!I6,"") | J5: =IF('Master Sheet'!C6="Area 3 (Saranya R)",'Master Sheet'!J6,"") | K5: =IF('Master Sheet'!C6="Area 3 (Saranya R)",'Master Sheet'!K6,"") | L5: =IF('Master Sheet'!C6="Area 3 (Saranya R)",'Master Sheet'!L6,"") | M5: =IF('Master Sheet'!C6="Area 3 (Saranya R)",'Master Sheet'!M6,"") | N5: =IF('Master Sheet'!C6="Area 3 (Saranya R)",'Master Sheet'!N6,"") | O5: =IF('Master Sheet'!C6="Area 3 (Saranya R)",'Master Sheet'!O6,"") | P5: =IF('Master Sheet'!C6="Area 3 (Saranya R)",'Master Sheet'!P6,"")
A6: =IF('Master Sheet'!C7="Area 3 (Saranya R)",'Master Sheet'!A7,"") | B6: =IF('Master Sheet'!C7="Area 3 (Saranya R)",'Master Sheet'!B7,"") | C6: Area 3 (Saranya R) | D6: =IF('Master Sheet'!C7="Area 3 (Saranya R)",'Master Sheet'!D7,"") | E6: =IF('Master Sheet'!C7="Area 3 (Saranya R)",'Master Sheet'!E7,"") | F6: =IF('Master Sheet'!C7="Area 3 (Saranya R)",'Master Sheet'!F7,"") | G6: =IF('Master Sheet'!C7="Area 3 (Saranya R)",'Master Sheet'!G7,"") | H6: =IF('Master Sheet'!C7="Area 3 (Saranya R)",'Master Sheet'!H7,"") | I6: =IF('Master Sheet'!C7="Area 3 (Saranya R)",'Master Sheet'!I7,"") | J6: =IF('Master Sheet'!C7="Area 3 (Saranya R)",'Master Sheet'!J7,"") | K6: =IF('Master Sheet'!C7="Area 3 (Saranya R)",'Master Sheet'!K7,"") | L6: =IF('Master Sheet'!C7="Area 3 (Saranya R)",'Master Sheet'!L7,"") | M6: =IF('Master Sheet'!C7="Area 3 (Saranya R)",'Master Sheet'!M7,"") | N6: =IF('Master Sheet'!C7="Area 3 (Saranya R)",'Master Sheet'!N7,"") | O6: =IF('Master Sheet'!C7="Area 3 (Saranya R)",'Master Sheet'!O7,"") | P6: =IF('Master Sheet'!C7="Area 3 (Saranya R)",'Master Sheet'!P7,"")
A7: =IF('Master Sheet'!C8="Area 3 (Saranya R)",'Master Sheet'!A8,"") | B7: =IF('Master Sheet'!C8="Area 3 (Saranya R)",'Master Sheet'!B8,"") | C7: Area 3 (Saranya R) | D7: =IF('Master Sheet'!C8="Area 3 (Saranya R)",'Master Sheet'!D8,"") | E7: =IF('Master Sheet'!C8="Area 3 (Saranya R)",'Master Sheet'!E8,"") | F7: =IF('Master Sheet'!C8="Area 3 (Saranya R)",'Master Sheet'!F8,"") | G7: =IF('Master Sheet'!C8="Area 3 (Saranya R)",'Master Sheet'!G8,"") | H7: =IF('Master Sheet'!C8="Area 3 (Saranya R)",'Master Sheet'!H8,"") | I7: =IF('Master Sheet'!C8="Area 3 (Saranya R)",'Master Sheet'!I8,"") | J7: =IF('Master Sheet'!C8="Area 3 (Saranya R)",'Master Sheet'!J8,"") | K7: =IF('Master Sheet'!C8="Area 3 (Saranya R)",'Master Sheet'!K8,"") | L7: =IF('Master Sheet'!C8="Area 3 (Saranya R)",'Master Sheet'!L8,"") | M7: =IF('Master Sheet'!C8="Area 3 (Saranya R)",'Master Sheet'!M8,"") | N7: =IF('Master Sheet'!C8="Area 3 (Saranya R)",'Master Sheet'!N8,"") | O7: =IF('Master Sheet'!C8="Area 3 (Saranya R)",'Master Sheet'!O8,"") | P7: =IF('Master Sheet'!C8="Area 3 (Saranya R)",'Master Sheet'!P8,"")
A8: =IF('Master Sheet'!C9="Area 3 (Saranya R)",'Master Sheet'!A9,"") | B8: =IF('Master Sheet'!C9="Area 3 (Saranya R)",'Master Sheet'!B9,"") | C8: Area 3 (Saranya R) | D8: =IF('Master Sheet'!C9="Area 3 (Saranya R)",'Master Sheet'!D9,"") | E8: =IF('Master Sheet'!C9="Area 3 (Saranya R)",'Master Sheet'!E9,"") | F8: =IF('Master Sheet'!C9="Area 3 (Saranya R)",'Master Sheet'!F9,"") | G8: =IF('Master Sheet'!C9="Area 3 (Saranya R)",'Master Sheet'!G9,"") | H8: =IF('Master Sheet'!C9="Area 3 (Saranya R)",'Master Sheet'!H9,"") | I8: =IF('Master Sheet'!C9="Area 3 (Saranya R)",'Master Sheet'!I9,"") | J8: =IF('Master Sheet'!C9="Area 3 (Saranya R)",'Master Sheet'!J9,"") | K8: =IF('Master Sheet'!C9="Area 3 (Saranya R)",'Master Sheet'!K9,"") | L8: =IF('Master Sheet'!C9="Area 3 (Saranya R)",'Master Sheet'!L9,"") | M8: =IF('Master Sheet'!C9="Area 3 (Saranya R)",'Master Sheet'!M9,"") | N8: =IF('Master Sheet'!C9="Area 3 (Saranya R)",'Master Sheet'!N9,"") | O8: =IF('Master Sheet'!C9="Area 3 (Saranya R)",'Master Sheet'!O9,"") | P8: =IF('Master Sheet'!C9="Area 3 (Saranya R)",'Master Sheet'!P9,"")
A9: =IF('Master Sheet'!C10="Area 3 (Saranya R)",'Master Sheet'!A10,"") | B9: =IF('Master Sheet'!C10="Area 3 (Saranya R)",'Master Sheet'!B10,"") | C9: Area 3 (Saranya R) | D9: =IF('Master Sheet'!C10="Area 3 (Saranya R)",'Master Sheet'!D10,"") | E9: =IF('Master Sheet'!C10="Area 3 (Saranya R)",'Master Sheet'!E10,"") | F9: =IF('Master Sheet'!C10="Area 3 (Saranya R)",'Master Sheet'!F10,"") | G9: =IF('Master Sheet'!C10="Area 3 (Saranya R)",'Master Sheet'!G10,"") | H9: =IF('Master Sheet'!C10="Area 3 (Saranya R)",'Master Sheet'!H10,"") | I9: =IF('Master Sheet'!C10="Area 3 (Saranya R)",'Master Sheet'!I10,"") | J9: =IF('Master Sheet'!C10="Area 3 (Saranya R)",'Master Sheet'!J10,"") | K9: =IF('Master Sheet'!C10="Area 3 (Saranya R)",'Master Sheet'!K10,"") | L9: =IF('Master Sheet'!C10="Area 3 (Saranya R)",'Master Sheet'!L10,"") | M9: =IF('Master Sheet'!C10="Area 3 (Saranya R)",'Master Sheet'!M10,"") | N9: =IF('Master Sheet'!C10="Area 3 (Saranya R)",'Master Sheet'!N10,"") | O9: =IF('Master Sheet'!C10="Area 3 (Saranya R)",'Master Sheet'!O10,"") | P9: =IF('Master Sheet'!C10="Area 3 (Saranya R)",'Master Sheet'!P10,"")
A10: =IF('Master Sheet'!C11="Area 3 (Saranya R)",'Master Sheet'!A11,"") | B10: =IF('Master Sheet'!C11="Area 3 (Saranya R)",'Master Sheet'!B11,"") | C10: Area 3 (Saranya R) | D10: =IF('Master Sheet'!C11="Area 3 (Saranya R)",'Master Sheet'!D11,"") | E10: =IF('Master Sheet'!C11="Area 3 (Saranya R)",'Master Sheet'!E11,"") | F10: =IF('Master Sheet'!C11="Area 3 (Saranya R)",'Master Sheet'!F11,"") | G10: =IF('Master Sheet'!C11="Area 3 (Saranya R)",'Master Sheet'!G11,"") | H10: =IF('Master Sheet'!C11="Area 3 (Saranya R)",'Master Sheet'!H11,"") | I10: =IF('Master Sheet'!C11="Area 3 (Saranya R)",'Master Sheet'!I11,"") | J10: =IF('Master Sheet'!C11="Area 3 (Saranya R)",'Master Sheet'!J11,"") | K10: =IF('Master Sheet'!C11="Area 3 (Saranya R)",'Master Sheet'!K11,"") | L10: =IF('Master Sheet'!C11="Area 3 (Saranya R)",'Master Sheet'!L11,"") | M10: =IF('Master Sheet'!C11="Area 3 (Saranya R)",'Master Sheet'!M11,"") | N10: =IF('Master Sheet'!C11="Area 3 (Saranya R)",'Master Sheet'!N11,"") | O10: =IF('Master Sheet'!C11="Area 3 (Saranya R)",'Master Sheet'!O11,"") | P10: =IF('Master Sheet'!C11="Area 3 (Saranya R)",'Master Sheet'!P11,"")
A11: =IF('Master Sheet'!C12="Area 3 (Saranya R)",'Master Sheet'!A12,"") | B11: =IF('Master Sheet'!C12="Area 3 (Saranya R)",'Master Sheet'!B12,"") | C11: Area 3 (Saranya R) | D11: =IF('Master Sheet'!C12="Area 3 (Saranya R)",'Master Sheet'!D12,"") | E11: =IF('Master Sheet'!C12="Area 3 (Saranya R)",'Master Sheet'!E12,"") | F11: =IF('Master Sheet'!C12="Area 3 (Saranya R)",'Master Sheet'!F12,"") | G11: =IF('Master Sheet'!C12="Area 3 (Saranya R)",'Master Sheet'!G12,"") | H11: =IF('Master Sheet'!C12="Area 3 (Saranya R)",'Master Sheet'!H12,"") | I11: =IF('Master Sheet'!C12="Area 3 (Saranya R)",'Master Sheet'!I12,"") | J11: =IF('Master Sheet'!C12="Area 3 (Saranya R)",'Master Sheet'!J12,"") | K11: =IF('Master Sheet'!C12="Area 3 (Saranya R)",'Master Sheet'!K12,"") | L11: =IF('Master Sheet'!C12="Area 3 (Saranya R)",'Master Sheet'!L12,"") | M11: =IF('Master Sheet'!C12="Area 3 (Saranya R)",'Master Sheet'!M12,"") | N11: =IF('Master Sheet'!C12="Area 3 (Saranya R)",'Master Sheet'!N12,"") | O11: =IF('Master Sheet'!C12="Area 3 (Saranya R)",'Master Sheet'!O12,"") | P11: =IF('Master Sheet'!C12="Area 3 (Saranya R)",'Master Sheet'!P12,"")
A12: =IF('Master Sheet'!C13="Area 3 (Saranya R)",'Master Sheet'!A13,"") | B12: =IF('Master Sheet'!C13="Area 3 (Saranya R)",'Master Sheet'!B13,"") | C12: Area 3 (Saranya R) | D12: =IF('Master Sheet'!C13="Area 3 (Saranya R)",'Master Sheet'!D13,"") | E12: =IF('Master Sheet'!C13="Area 3 (Saranya R)",'Master Sheet'!E13,"") | F12: =IF('Master Sheet'!C13="Area 3 (Saranya R)",'Master Sheet'!F13,"") | G12: =IF('Master Sheet'!C13="Area 3 (Saranya R)",'Master Sheet'!G13,"") | H12: =IF('Master Sheet'!C13="Area 3 (Saranya R)",'Master Sheet'!H13,"") | I12: =IF('Master Sheet'!C13="Area 3 (Saranya R)",'Master Sheet'!I13,"") | J12: =IF('Master Sheet'!C13="Area 3 (Saranya R)",'Master Sheet'!J13,"") | K12: =IF('Master Sheet'!C13="Area 3 (Saranya R)",'Master Sheet'!K13,"") | L12: =IF('Master Sheet'!C13="Area 3 (Saranya R)",'Master Sheet'!L13,"") | M12: =IF('Master Sheet'!C13="Area 3 (Saranya R)",'Master Sheet'!M13,"") | N12: =IF('Master Sheet'!C13="Area 3 (Saranya R)",'Master Sheet'!N13,"") | O12: =IF('Master Sheet'!C13="Area 3 (Saranya R)",'Master Sheet'!O13,"") | P12: =IF('Master Sheet'!C13="Area 3 (Saranya R)",'Master Sheet'!P13,"")
A13: =IF('Master Sheet'!C14="Area 3 (Saranya R)",'Master Sheet'!A14,"") | B13: =IF('Master Sheet'!C14="Area 3 (Saranya R)",'Master Sheet'!B14,"") | C13: Area 3 (Saranya R) | D13: =IF('Master Sheet'!C14="Area 3 (Saranya R)",'Master Sheet'!D14,"") | E13: =IF('Master Sheet'!C14="Area 3 (Saranya R)",'Master Sheet'!E14,"") | F13: =IF('Master Sheet'!C14="Area 3 (Saranya R)",'Master Sheet'!F14,"") | G13: =IF('Master Sheet'!C14="Area 3 (Saranya R)",'Master Sheet'!G14,"") | H13: =IF('Master Sheet'!C14="Area 3 (Saranya R)",'Master Sheet'!H14,"") | I13: =IF('Master Sheet'!C14="Area 3 (Saranya R)",'Master Sheet'!I14,"") | J13: =IF('Master Sheet'!C14="Area 3 (Saranya R)",'Master Sheet'!J14,"") | K13: =IF('Master Sheet'!C14="Area 3 (Saranya R)",'Master Sheet'!K14,"") | L13: =IF('Master Sheet'!C14="Area 3 (Saranya R)",'Master Sheet'!L14,"") | M13: =IF('Master Sheet'!C14="Area 3 (Saranya R)",'Master Sheet'!M14,"") | N13: =IF('Master Sheet'!C14="Area 3 (Saranya R)",'Master Sheet'!N14,"") | O13: =IF('Master Sheet'!C14="Area 3 (Saranya R)",'Master Sheet'!O14,"") | P13: =IF('Master Sheet'!C14="Area 3 (Saranya R)",'Master Sheet'!P14,"")
... A68: =IF('Master Sheet'!C69="Area 3 (Saranya R)",'Master Sheet'!A69,"") -> P067 | B68: =IF('Master Sheet'!C69="Area 3 (Saranya R)",'Master Sheet'!B69,"") -> Pinky Prasanth | C68: Area 3 (Saranya R) | D68: =IF('Master Sheet'!C69="Area 3 (Saranya R)",'Master Sheet'!D69,"") -> 0 | E68: =IF('Master Sheet'!C69="Area 3 (Saranya R)",'Master Sheet'!E69,"") -> 0 | F68: =IF('Master Sheet'!C69="Area 3 (Saranya R)",'Master Sheet'!F69,"") -> 0 | G68: =IF('Master Sheet'!C69="Area 3 (Saranya R)",'Master Sheet'!G69,"") -> 0 | H68: =IF('Master Sheet'!C69="Area 3 (Saranya R)",'Master Sheet'!H69,"") -> 0 | I68: =IF('Master Sheet'!C69="Area 3 (Saranya R)",'Master Sheet'!I69,"") -> 0 | J68: =IF('Master Sheet'!C69="Area 3 (Saranya R)",'Master Sheet'!J69,"") -> 0 | K68: =IF('Master Sheet'!C69="Area 3 (Saranya R)",'Master Sheet'!K69,"") -> 0 | L68: =IF('Master Sheet'!C69="Area 3 (Saranya R)",'Master Sheet'!L69,"") -> 0 | M68: =IF('Master Sheet'!C69="Area 3 (Saranya R)",'Master Sheet'!M69,"") -> 0 | N68: =IF('Master Sheet'!C69="Area 3 (Saranya R)",'Master Sheet'!N69,"") -> 0 | O68: =IF('Master Sheet'!C69="Area 3 (Saranya R)",'Master Sheet'!O69,"") -> 3500 | P68: =IF('Master Sheet'!C69="Area 3 (Saranya R)",'Master Sheet'!P69,"") -> Pending
A69: =IF('Master Sheet'!C71="Area 3 (Saranya R)",'Master Sheet'!A71,"") | B69: =IF('Master Sheet'!C71="Area 3 (Saranya R)",'Master Sheet'!B71,"") | C69: Area 3 (Saranya R) | D69: =IF('Master Sheet'!C71="Area 3 (Saranya R)",'Master Sheet'!D71,"") | E69: =IF('Master Sheet'!C71="Area 3 (Saranya R)",'Master Sheet'!E71,"") | F69: =IF('Master Sheet'!C71="Area 3 (Saranya R)",'Master Sheet'!F71,"") | G69: =IF('Master Sheet'!C71="Area 3 (Saranya R)",'Master Sheet'!G71,"") | H69: =IF('Master Sheet'!C71="Area 3 (Saranya R)",'Master Sheet'!H71,"") | I69: =IF('Master Sheet'!C71="Area 3 (Saranya R)",'Master Sheet'!I71,"") | J69: =IF('Master Sheet'!C71="Area 3 (Saranya R)",'Master Sheet'!J71,"") | K69: =IF('Master Sheet'!C71="Area 3 (Saranya R)",'Master Sheet'!K71,"") | L69: =IF('Master Sheet'!C71="Area 3 (Saranya R)",'Master Sheet'!L71,"") | M69: =IF('Master Sheet'!C71="Area 3 (Saranya R)",'Master Sheet'!M71,"") | N69: =IF('Master Sheet'!C71="Area 3 (Saranya R)",'Master Sheet'!N71,"") | O69: =IF('Master Sheet'!C71="Area 3 (Saranya R)",'Master Sheet'!O71,"") | P69: =IF('Master Sheet'!C71="Area 3 (Saranya R)",'Master Sheet'!P71,"")
A70: =IF('Master Sheet'!C72="Area 3 (Saranya R)",'Master Sheet'!A72,"") | B70: =IF('Master Sheet'!C72="Area 3 (Saranya R)",'Master Sheet'!B72,"") | C70: Area 3 (Saranya R) | D70: =IF('Master Sheet'!C72="Area 3 (Saranya R)",'Master Sheet'!D72,"") | E70: =IF('Master Sheet'!C72="Area 3 (Saranya R)",'Master Sheet'!E72,"") | F70: =IF('Master Sheet'!C72="Area 3 (Saranya R)",'Master Sheet'!F72,"") | G70: =IF('Master Sheet'!C72="Area 3 (Saranya R)",'Master Sheet'!G72,"") | H70: =IF('Master Sheet'!C72="Area 3 (Saranya R)",'Master Sheet'!H72,"") | I70: =IF('Master Sheet'!C72="Area 3 (Saranya R)",'Master Sheet'!I72,"") | J70: =IF('Master Sheet'!C72="Area 3 (Saranya R)",'Master Sheet'!J72,"") | K70: =IF('Master Sheet'!C72="Area 3 (Saranya R)",'Master Sheet'!K72,"") | L70: =IF('Master Sheet'!C72="Area 3 (Saranya R)",'Master Sheet'!L72,"") | M70: =IF('Master Sheet'!C72="Area 3 (Saranya R)",'Master Sheet'!M72,"") | N70: =IF('Master Sheet'!C72="Area 3 (Saranya R)",'Master Sheet'!N72,"") | O70: =IF('Master Sheet'!C72="Area 3 (Saranya R)",'Master Sheet'!O72,"") | P70: =IF('Master Sheet'!C72="Area 3 (Saranya R)",'Master Sheet'!P72,"")
A71: =IF('Master Sheet'!C73="Area 3 (Saranya R)",'Master Sheet'!A73,"") | B71: =IF('Master Sheet'!C73="Area 3 (Saranya R)",'Master Sheet'!B73,"") | C71: Area 3 (Saranya R) | D71: =IF('Master Sheet'!C73="Area 3 (Saranya R)",'Master Sheet'!D73,"") | E71: =IF('Master Sheet'!C73="Area 3 (Saranya R)",'Master Sheet'!E73,"") | F71: =IF('Master Sheet'!C73="Area 3 (Saranya R)",'Master Sheet'!F73,"") | G71: =IF('Master Sheet'!C73="Area 3 (Saranya R)",'Master Sheet'!G73,"") | H71: =IF('Master Sheet'!C73="Area 3 (Saranya R)",'Master Sheet'!H73,"") | I71: =IF('Master Sheet'!C73="Area 3 (Saranya R)",'Master Sheet'!I73,"") | J71: =IF('Master Sheet'!C73="Area 3 (Saranya R)",'Master Sheet'!J73,"") | K71: =IF('Master Sheet'!C73="Area 3 (Saranya R)",'Master Sheet'!K73,"") | L71: =IF('Master Sheet'!C73="Area 3 (Saranya R)",'Master Sheet'!L73,"") | M71: =IF('Master Sheet'!C73="Area 3 (Saranya R)",'Master Sheet'!M73,"") | N71: =IF('Master Sheet'!C73="Area 3 (Saranya R)",'Master Sheet'!N73,"") | O71: =IF('Master Sheet'!C73="Area 3 (Saranya R)",'Master Sheet'!O73,"") | P71: =IF('Master Sheet'!C73="Area 3 (Saranya R)",'Master Sheet'!P73,"")
A72: =IF('Master Sheet'!C74="Area 3 (Saranya R)",'Master Sheet'!A74,"") | B72: =IF('Master Sheet'!C74="Area 3 (Saranya R)",'Master Sheet'!B74,"") | C72: Area 3 (Saranya R) | D72: =IF('Master Sheet'!C74="Area 3 (Saranya R)",'Master Sheet'!D74,"") | E72: =IF('Master Sheet'!C74="Area 3 (Saranya R)",'Master Sheet'!E74,"") | F72: =IF('Master Sheet'!C74="Area 3 (Saranya R)",'Master Sheet'!F74,"") | G72: =IF('Master Sheet'!C74="Area 3 (Saranya R)",'Master Sheet'!G74,"") | H72: =IF('Master Sheet'!C74="Area 3 (Saranya R)",'Master Sheet'!H74,"") | I72: =IF('Master Sheet'!C74="Area 3 (Saranya R)",'Master Sheet'!I74,"") | J72: =IF('Master Sheet'!C74="Area 3 (Saranya R)",'Master Sheet'!J74,"") | K72: =IF('Master Sheet'!C74="Area 3 (Saranya R)",'Master Sheet'!K74,"") | L72: =IF('Master Sheet'!C74="Area 3 (Saranya R)",'Master Sheet'!L74,"") | M72: =IF('Master Sheet'!C74="Area 3 (Saranya R)",'Master Sheet'!M74,"") | N72: =IF('Master Sheet'!C74="Area 3 (Saranya R)",'Master Sheet'!N74,"") | O72: =IF('Master Sheet'!C74="Area 3 (Saranya R)",'Master Sheet'!O74,"") | P72: =IF('Master Sheet'!C74="Area 3 (Saranya R)",'Master Sheet'!P74,"")
A73: =IF('Master Sheet'!C75="Area 3 (Saranya R)",'Master Sheet'!A75,"") | B73: =IF('Master Sheet'!C75="Area 3 (Saranya R)",'Master Sheet'!B75,"") | C73: Area 3 (Saranya R) | D73: =IF('Master Sheet'!C75="Area 3 (Saranya R)",'Master Sheet'!D75,"") | E73: =IF('Master Sheet'!C75="Area 3 (Saranya R)",'Master Sheet'!E75,"") | F73: =IF('Master Sheet'!C75="Area 3 (Saranya R)",'Master Sheet'!F75,"") | G73: =IF('Master Sheet'!C75="Area 3 (Saranya R)",'Master Sheet'!G75,"") | H73: =IF('Master Sheet'!C75="Area 3 (Saranya R)",'Master Sheet'!H75,"") | I73: =IF('Master Sheet'!C75="Area 3 (Saranya R)",'Master Sheet'!I75,"") | J73: =IF('Master Sheet'!C75="Area 3 (Saranya R)",'Master Sheet'!J75,"") | K73: =IF('Master Sheet'!C75="Area 3 (Saranya R)",'Master Sheet'!K75,"") | L73: =IF('Master Sheet'!C75="Area 3 (Saranya R)",'Master Sheet'!L75,"") | M73: =IF('Master Sheet'!C75="Area 3 (Saranya R)",'Master Sheet'!M75,"") | N73: =IF('Master Sheet'!C75="Area 3 (Saranya R)",'Master Sheet'!N75,"") | O73: =IF('Master Sheet'!C75="Area 3 (Saranya R)",'Master Sheet'!O75,"") | P73: =IF('Master Sheet'!C75="Area 3 (Saranya R)",'Master Sheet'!P75,"")
A74: =IF('Master Sheet'!C76="Area 3 (Saranya R)",'Master Sheet'!A76,"") | B74: =IF('Master Sheet'!C76="Area 3 (Saranya R)",'Master Sheet'!B76,"") | C74: Area 3 (Saranya R) | D74: =IF('Master Sheet'!C76="Area 3 (Saranya R)",'Master Sheet'!D76,"") | E74: =IF('Master Sheet'!C76="Area 3 (Saranya R)",'Master Sheet'!E76,"") | F74: =IF('Master Sheet'!C76="Area 3 (Saranya R)",'Master Sheet'!F76,"") | G74: =IF('Master Sheet'!C76="Area 3 (Saranya R)",'Master Sheet'!G76,"") | H74: =IF('Master Sheet'!C76="Area 3 (Saranya R)",'Master Sheet'!H76,"") | I74: =IF('Master Sheet'!C76="Area 3 (Saranya R)",'Master Sheet'!I76,"") | J74: =IF('Master Sheet'!C76="Area 3 (Saranya R)",'Master Sheet'!J76,"") | K74: =IF('Master Sheet'!C76="Area 3 (Saranya R)",'Master Sheet'!K76,"") | L74: =IF('Master Sheet'!C76="Area 3 (Saranya R)",'Master Sheet'!L76,"") | M74: =IF('Master Sheet'!C76="Area 3 (Saranya R)",'Master Sheet'!M76,"") | N74: =IF('Master Sheet'!C76="Area 3 (Saranya R)",'Master Sheet'!N76,"") | O74: =IF('Master Sheet'!C76="Area 3 (Saranya R)",'Master Sheet'!O76,"") | P74: =IF('Master Sheet'!C76="Area 3 (Saranya R)",'Master Sheet'!P76,"")
A75: =IF('Master Sheet'!C77="Area 3 (Saranya R)",'Master Sheet'!A77,"") | B75: =IF('Master Sheet'!C77="Area 3 (Saranya R)",'Master Sheet'!B77,"") | C75: Area 3 (Saranya R) | D75: =IF('Master Sheet'!C77="Area 3 (Saranya R)",'Master Sheet'!D77,"") | E75: =IF('Master Sheet'!C77="Area 3 (Saranya R)",'Master Sheet'!E77,"") | F75: =IF('Master Sheet'!C77="Area 3 (Saranya R)",'Master Sheet'!F77,"") | G75: =IF('Master Sheet'!C77="Area 3 (Saranya R)",'Master Sheet'!G77,"") | H75: =IF('Master Sheet'!C77="Area 3 (Saranya R)",'Master Sheet'!H77,"") | I75: =IF('Master Sheet'!C77="Area 3 (Saranya R)",'Master Sheet'!I77,"") | J75: =IF('Master Sheet'!C77="Area 3 (Saranya R)",'Master Sheet'!J77,"") | K75: =IF('Master Sheet'!C77="Area 3 (Saranya R)",'Master Sheet'!K77,"") | L75: =IF('Master Sheet'!C77="Area 3 (Saranya R)",'Master Sheet'!L77,"") | M75: =IF('Master Sheet'!C77="Area 3 (Saranya R)",'Master Sheet'!M77,"") | N75: =IF('Master Sheet'!C77="Area 3 (Saranya R)",'Master Sheet'!N77,"") | O75: =IF('Master Sheet'!C77="Area 3 (Saranya R)",'Master Sheet'!O77,"") | P75: =IF('Master Sheet'!C77="Area 3 (Saranya R)",'Master Sheet'!P77,"")
A76: =IF('Master Sheet'!C78="Area 3 (Saranya R)",'Master Sheet'!A78,"") | B76: =IF('Master Sheet'!C78="Area 3 (Saranya R)",'Master Sheet'!B78,"") | C76: Area 3 (Saranya R) | D76: =IF('Master Sheet'!C78="Area 3 (Saranya R)",'Master Sheet'!D78,"") | E76: =IF('Master Sheet'!C78="Area 3 (Saranya R)",'Master Sheet'!E78,"") | F76: =IF('Master Sheet'!C78="Area 3 (Saranya R)",'Master Sheet'!F78,"") | G76: =IF('Master Sheet'!C78="Area 3 (Saranya R)",'Master Sheet'!G78,"") | H76: =IF('Master Sheet'!C78="Area 3 (Saranya R)",'Master Sheet'!H78,"") | I76: =IF('Master Sheet'!C78="Area 3 (Saranya R)",'Master Sheet'!I78,"") | J76: =IF('Master Sheet'!C78="Area 3 (Saranya R)",'Master Sheet'!J78,"") | K76: =IF('Master Sheet'!C78="Area 3 (Saranya R)",'Master Sheet'!K78,"") | L76: =IF('Master Sheet'!C78="Area 3 (Saranya R)",'Master Sheet'!L78,"") | M76: =IF('Master Sheet'!C78="Area 3 (Saranya R)",'Master Sheet'!M78,"") | N76: =IF('Master Sheet'!C78="Area 3 (Saranya R)",'Master Sheet'!N78,"") | O76: =IF('Master Sheet'!C78="Area 3 (Saranya R)",'Master Sheet'!O78,"") | P76: =IF('Master Sheet'!C78="Area 3 (Saranya R)",'Master Sheet'!P78,"")
A77: =IF('Master Sheet'!C79="Area 3 (Saranya R)",'Master Sheet'!A79,"") | B77: =IF('Master Sheet'!C79="Area 3 (Saranya R)",'Master Sheet'!B79,"") | C77: Area 3 (Saranya R) | D77: =IF('Master Sheet'!C79="Area 3 (Saranya R)",'Master Sheet'!D79,"") | E77: =IF('Master Sheet'!C79="Area 3 (Saranya R)",'Master Sheet'!E79,"") | F77: =IF('Master Sheet'!C79="Area 3 (Saranya R)",'Master Sheet'!F79,"") | G77: =IF('Master Sheet'!C79="Area 3 (Saranya R)",'Master Sheet'!G79,"") | H77: =IF('Master Sheet'!C79="Area 3 (Saranya R)",'Master Sheet'!H79,"") | I77: =IF('Master Sheet'!C79="Area 3 (Saranya R)",'Master Sheet'!I79,"") | J77: =IF('Master Sheet'!C79="Area 3 (Saranya R)",'Master Sheet'!J79,"") | K77: =IF('Master Sheet'!C79="Area 3 (Saranya R)",'Master Sheet'!K79,"") | L77: =IF('Master Sheet'!C79="Area 3 (Saranya R)",'Master Sheet'!L79,"") | M77: =IF('Master Sheet'!C79="Area 3 (Saranya R)",'Master Sheet'!M79,"") | N77: =IF('Master Sheet'!C79="Area 3 (Saranya R)",'Master Sheet'!N79,"") | O77: =IF('Master Sheet'!C79="Area 3 (Saranya R)",'Master Sheet'!O79,"") | P77: =IF('Master Sheet'!C79="Area 3 (Saranya R)",'Master Sheet'!P79,"")
A78: =IF('Master Sheet'!C80="Area 3 (Saranya R)",'Master Sheet'!A80,"") | B78: =IF('Master Sheet'!C80="Area 3 (Saranya R)",'Master Sheet'!B80,"") | C78: Area 3 (Saranya R) | D78: =IF('Master Sheet'!C80="Area 3 (Saranya R)",'Master Sheet'!D80,"") | E78: =IF('Master Sheet'!C80="Area 3 (Saranya R)",'Master Sheet'!E80,"") | F78: =IF('Master Sheet'!C80="Area 3 (Saranya R)",'Master Sheet'!F80,"") | G78: =IF('Master Sheet'!C80="Area 3 (Saranya R)",'Master Sheet'!G80,"") | H78: =IF('Master Sheet'!C80="Area 3 (Saranya R)",'Master Sheet'!H80,"") | I78: =IF('Master Sheet'!C80="Area 3 (Saranya R)",'Master Sheet'!I80,"") | J78: =IF('Master Sheet'!C80="Area 3 (Saranya R)",'Master Sheet'!J80,"") | K78: =IF('Master Sheet'!C80="Area 3 (Saranya R)",'Master Sheet'!K80,"") | L78: =IF('Master Sheet'!C80="Area 3 (Saranya R)",'Master Sheet'!L80,"") | M78: =IF('Master Sheet'!C80="Area 3 (Saranya R)",'Master Sheet'!M80,"") | N78: =IF('Master Sheet'!C80="Area 3 (Saranya R)",'Master Sheet'!N80,"") | O78: =IF('Master Sheet'!C80="Area 3 (Saranya R)",'Master Sheet'!O80,"") | P78: =IF('Master Sheet'!C80="Area 3 (Saranya R)",'Master Sheet'!P80,"")
A79: =IF('Master Sheet'!C81="Area 3 (Saranya R)",'Master Sheet'!A81,"") | B79: =IF('Master Sheet'!C81="Area 3 (Saranya R)",'Master Sheet'!B81,"") | C79: Area 3 (Saranya R) | D79: =IF('Master Sheet'!C81="Area 3 (Saranya R)",'Master Sheet'!D81,"") | E79: =IF('Master Sheet'!C81="Area 3 (Saranya R)",'Master Sheet'!E81,"") | F79: =IF('Master Sheet'!C81="Area 3 (Saranya R)",'Master Sheet'!F81,"") | G79: =IF('Master Sheet'!C81="Area 3 (Saranya R)",'Master Sheet'!G81,"") | H79: =IF('Master Sheet'!C81="Area 3 (Saranya R)",'Master Sheet'!H81,"") | I79: =IF('Master Sheet'!C81="Area 3 (Saranya R)",'Master Sheet'!I81,"") | J79: =IF('Master Sheet'!C81="Area 3 (Saranya R)",'Master Sheet'!J81,"") | K79: =IF('Master Sheet'!C81="Area 3 (Saranya R)",'Master Sheet'!K81,"") | L79: =IF('Master Sheet'!C81="Area 3 (Saranya R)",'Master Sheet'!L81,"") | M79: =IF('Master Sheet'!C81="Area 3 (Saranya R)",'Master Sheet'!M81,"") | N79: =IF('Master Sheet'!C81="Area 3 (Saranya R)",'Master Sheet'!N81,"") | O79: =IF('Master Sheet'!C81="Area 3 (Saranya R)",'Master Sheet'!O81,"") | P79: =IF('Master Sheet'!C81="Area 3 (Saranya R)",'Master Sheet'!P81,"")
A80: =IF('Master Sheet'!C82="Area 3 (Saranya R)",'Master Sheet'!A82,"") | B80: =IF('Master Sheet'!C82="Area 3 (Saranya R)",'Master Sheet'!B82,"") | C80: Area 3 (Saranya R) | D80: =IF('Master Sheet'!C82="Area 3 (Saranya R)",'Master Sheet'!D82,"") | E80: =IF('Master Sheet'!C82="Area 3 (Saranya R)",'Master Sheet'!E82,"") | F80: =IF('Master Sheet'!C82="Area 3 (Saranya R)",'Master Sheet'!F82,"") | G80: =IF('Master Sheet'!C82="Area 3 (Saranya R)",'Master Sheet'!G82,"") | H80: =IF('Master Sheet'!C82="Area 3 (Saranya R)",'Master Sheet'!H82,"") | I80: =IF('Master Sheet'!C82="Area 3 (Saranya R)",'Master Sheet'!I82,"") | J80: =IF('Master Sheet'!C82="Area 3 (Saranya R)",'Master Sheet'!J82,"") | K80: =IF('Master Sheet'!C82="Area 3 (Saranya R)",'Master Sheet'!K82,"") | L80: =IF('Master Sheet'!C82="Area 3 (Saranya R)",'Master Sheet'!L82,"") | M80: =IF('Master Sheet'!C82="Area 3 (Saranya R)",'Master Sheet'!M82,"") | N80: =IF('Master Sheet'!C82="Area 3 (Saranya R)",'Master Sheet'!N82,"") | O80: =IF('Master Sheet'!C82="Area 3 (Saranya R)",'Master Sheet'!O82,"") | P80: =IF('Master Sheet'!C82="Area 3 (Saranya R)",'Master Sheet'!P82,"")
... A150: =IF('Master Sheet'!C152="Area 3 (Saranya R)",'Master Sheet'!A152,"") | B150: =IF('Master Sheet'!C152="Area 3 (Saranya R)",'Master Sheet'!B152,"") | C150: Area 3 (Saranya R) | D150: =IF('Master Sheet'!C152="Area 3 (Saranya R)",'Master Sheet'!D152,"") | E150: =IF('Master Sheet'!C152="Area 3 (Saranya R)",'Master Sheet'!E152,"") | F150: =IF('Master Sheet'!C152="Area 3 (Saranya R)",'Master Sheet'!F152,"") | G150: =IF('Master Sheet'!C152="Area 3 (Saranya R)",'Master Sheet'!G152,"") | H150: =IF('Master Sheet'!C152="Area 3 (Saranya R)",'Master Sheet'!H152,"") | I150: =IF('Master Sheet'!C152="Area 3 (Saranya R)",'Master Sheet'!I152,"") | J150: =IF('Master Sheet'!C152="Area 3 (Saranya R)",'Master Sheet'!J152,"") | K150: =IF('Master Sheet'!C152="Area 3 (Saranya R)",'Master Sheet'!K152,"") | L150: =IF('Master Sheet'!C152="Area 3 (Saranya R)",'Master Sheet'!L152,"") | M150: =IF('Master Sheet'!C152="Area 3 (Saranya R)",'Master Sheet'!M152,"") | N150: =IF('Master Sheet'!C152="Area 3 (Saranya R)",'Master Sheet'!N152,"") | O150: =IF('Master Sheet'!C152="Area 3 (Saranya R)",'Master Sheet'!O152,"") | P150: =IF('Master Sheet'!C152="Area 3 (Saranya R)",'Master Sheet'!P152,"")
A151: =IF('Master Sheet'!C152="Area 3 (Saranya R)",'Master Sheet'!A152,"") | B151: =IF('Master Sheet'!C152="Area 3 (Saranya R)",'Master Sheet'!B152,"")
D152: =SUBTOTAL(9,D43:D151) -> 1400 | E152: =SUBTOTAL(9,E43:E151) -> 5000 | F152: =SUBTOTAL(9,F43:F151) -> 2500 | G152: =SUBTOTAL(9,G43:G151) -> 8800 | H152: =SUBTOTAL(9,H43:H151) -> 0 | I152: =SUBTOTAL(9,I43:I151) -> 0 | J152: =SUBTOTAL(9,J43:J151) -> 0 | K152: =SUBTOTAL(9,K43:K151) -> 0 | ... M152: =SUBTOTAL(9,M43:M151) -> 0 | N152: =D152+E152+F152+G152+H152+I152+J152+K152+L152+M152 -> 17700

Sheet Area 4 (Anitha R)
A1: Person ID | B1: Name | C1: Area | D1: Oct | E1: Nov | F1: Dec | G1: Jan | H1: Feb | I1: Mar | J1: Apr | K1: May | L1: Jun | M1: Jul | N1: Total Paid | O1: Balance | P1: Status
A2: =IF('Master Sheet'!C3="Area 4 (Anitha R)",'Master Sheet'!A3,"") | B2: =IF('Master Sheet'!C3="Area 4 (Anitha R)",'Master Sheet'!B3,"") | C2: Area 4 (Anitha R) | D2: =IF('Master Sheet'!C3="Area 4 (Anitha R)",'Master Sheet'!D3,"") | E2: =IF('Master Sheet'!C3="Area 4 (Anitha R)",'Master Sheet'!E3,"") | F2: =IF('Master Sheet'!C3="Area 4 (Anitha R)",'Master Sheet'!F3,"") | G2: =IF('Master Sheet'!C3="Area 4 (Anitha R)",'Master Sheet'!G3,"") | H2: =IF('Master Sheet'!C3="Area 4 (Anitha R)",'Master Sheet'!H3,"") | I2: =IF('Master Sheet'!C3="Area 4 (Anitha R)",'Master Sheet'!I3,"") | J2: =IF('Master Sheet'!C3="Area 4 (Anitha R)",'Master Sheet'!J3,"") | K2: =IF('Master Sheet'!C3="Area 4 (Anitha R)",'Master Sheet'!K3,"") | L2: =IF('Master Sheet'!C3="Area 4 (Anitha R)",'Master Sheet'!L3,"") | M2: =IF('Master Sheet'!C3="Area 4 (Anitha R)",'Master Sheet'!M3,"") | N2: =IF('Master Sheet'!C3="Area 4 (Anitha R)",'Master Sheet'!N3,"") | O2: =IF('Master Sheet'!C3="Area 4 (Anitha R)",'Master Sheet'!O3,"") | P2: =IF('Master Sheet'!C3="Area 4 (Anitha R)",'Master Sheet'!P3,"")
A3: =IF('Master Sheet'!C4="Area 4 (Anitha R)",'Master Sheet'!A4,"") | B3: =IF('Master Sheet'!C4="Area 4 (Anitha R)",'Master Sheet'!B4,"") | C3: Area 4 (Anitha R) | D3: =IF('Master Sheet'!C4="Area 4 (Anitha R)",'Master Sheet'!D4,"") | E3: =IF('Master Sheet'!C4="Area 4 (Anitha R)",'Master Sheet'!E4,"") | F3: =IF('Master Sheet'!C4="Area 4 (Anitha R)",'Master Sheet'!F4,"") | G3: =IF('Master Sheet'!C4="Area 4 (Anitha R)",'Master Sheet'!G4,"") | H3: =IF('Master Sheet'!C4="Area 4 (Anitha R)",'Master Sheet'!H4,"") | I3: =IF('Master Sheet'!C4="Area 4 (Anitha R)",'Master Sheet'!I4,"") | J3: =IF('Master Sheet'!C4="Area 4 (Anitha R)",'Master Sheet'!J4,"") | K3: =IF('Master Sheet'!C4="Area 4 (Anitha R)",'Master Sheet'!K4,"") | L3: =IF('Master Sheet'!C4="Area 4 (Anitha R)",'Master Sheet'!L4,"") | M3: =IF('Master Sheet'!C4="Area 4 (Anitha R)",'Master Sheet'!M4,"") | N3: =IF('Master Sheet'!C4="Area 4 (Anitha R)",'Master Sheet'!N4,"") | O3: =IF('Master Sheet'!C4="Area 4 (Anitha R)",'Master Sheet'!O4,"") | P3: =IF('Master Sheet'!C4="Area 4 (Anitha R)",'Master Sheet'!P4,"")
A4: =IF('Master Sheet'!C5="Area 4 (Anitha R)",'Master Sheet'!A5,"") | B4: =IF('Master Sheet'!C5="Area 4 (Anitha R)",'Master Sheet'!B5,"") | C4: Area 4 (Anitha R) | D4: =IF('Master Sheet'!C5="Area 4 (Anitha R)",'Master Sheet'!D5,"") | E4: =IF('Master Sheet'!C5="Area 4 (Anitha R)",'Master Sheet'!E5,"") | F4: =IF('Master Sheet'!C5="Area 4 (Anitha R)",'Master Sheet'!F5,"") | G4: =IF('Master Sheet'!C5="Area 4 (Anitha R)",'Master Sheet'!G5,"") | H4: =IF('Master Sheet'!C5="Area 4 (Anitha R)",'Master Sheet'!H5,"") | I4: =IF('Master Sheet'!C5="Area 4 (Anitha R)",'Master Sheet'!I5,"") | J4: =IF('Master Sheet'!C5="Area 4 (Anitha R)",'Master Sheet'!J5,"") | K4: =IF('Master Sheet'!C5="Area 4 (Anitha R)",'Master Sheet'!K5,"") | L4: =IF('Master Sheet'!C5="Area 4 (Anitha R)",'Master Sheet'!L5,"") | M4: =IF('Master Sheet'!C5="Area 4 (Anitha R)",'Master Sheet'!M5,"") | N4: =IF('Master Sheet'!C5="Area 4 (Anitha R)",'Master Sheet'!N5,"") | O4: =IF('Master Sheet'!C5="Area 4 (Anitha R)",'Master Sheet'!O5,"") | P4: =IF('Master Sheet'!C5="Area 4 (Anitha R)",'Master Sheet'!P5,"")
A5: =IF('Master Sheet'!C6="Area 4 (Anitha R)",'Master Sheet'!A6,"") | B5: =IF('Master Sheet'!C6="Area 4 (Anitha R)",'Master Sheet'!B6,"") | C5: Area 4 (Anitha R) | D5: =IF('Master Sheet'!C6="Area 4 (Anitha R)",'Master Sheet'!D6,"") | E5: =IF('Master Sheet'!C6="Area 4 (Anitha R)",'Master Sheet'!E6,"") | F5: =IF('Master Sheet'!C6="Area 4 (Anitha R)",'Master Sheet'!F6,"") | G5: =IF('Master Sheet'!C6="Area 4 (Anitha R)",'Master Sheet'!G6,"") | H5: =IF('Master Sheet'!C6="Area 4 (Anitha R)",'Master Sheet'!H6,"") | I5: =IF('Master Sheet'!C6="Area 4 (Anitha R)",'Master Sheet'!I6,"") | J5: =IF('Master Sheet'!C6="Area 4 (Anitha R)",'Master Sheet'!J6,"") | K5: =IF('Master Sheet'!C6="Area 4 (Anitha R)",'Master Sheet'!K6,"") | L5: =IF('Master Sheet'!C6="Area 4 (Anitha R)",'Master Sheet'!L6,"") | M5: =IF('Master Sheet'!C6="Area 4 (Anitha R)",'Master Sheet'!M6,"") | N5: =IF('Master Sheet'!C6="Area 4 (Anitha R)",'Master Sheet'!N6,"") | O5: =IF('Master Sheet'!C6="Area 4 (Anitha R)",'Master Sheet'!O6,"") | P5: =IF('Master Sheet'!C6="Area 4 (Anitha R)",'Master Sheet'!P6,"")
A6: =IF('Master Sheet'!C7="Area 4 (Anitha R)",'Master Sheet'!A7,"") | B6: =IF('Master Sheet'!C7="Area 4 (Anitha R)",'Master Sheet'!B7,"") | C6: Area 4 (Anitha R) | D6: =IF('Master Sheet'!C7="Area 4 (Anitha R)",'Master Sheet'!D7,"") | E6: =IF('Master Sheet'!C7="Area 4 (Anitha R)",'Master Sheet'!E7,"") | F6: =IF('Master Sheet'!C7="Area 4 (Anitha R)",'Master Sheet'!F7,"") | G6: =IF('Master Sheet'!C7="Area 4 (Anitha R)",'Master Sheet'!G7,"") | H6: =IF('Master Sheet'!C7="Area 4 (Anitha R)",'Master Sheet'!H7,"") | I6: =IF('Master Sheet'!C7="Area 4 (Anitha R)",'Master Sheet'!I7,"") | J6: =IF('Master Sheet'!C7="Area 4 (Anitha R)",'Master Sheet'!J7,"") | K6: =IF('Master Sheet'!C7="Area 4 (Anitha R)",'Master Sheet'!K7,"") | L6: =IF('Master Sheet'!C7="Area 4 (Anitha R)",'Master Sheet'!L7,"") | M6: =IF('Master Sheet'!C7="Area 4 (Anitha R)",'Master Sheet'!M7,"") | N6: =IF('Master Sheet'!C7="Area 4 (Anitha R)",'Master Sheet'!N7,"") | O6: =IF('Master Sheet'!C7="Area 4 (Anitha R)",'Master Sheet'!O7,"") | P6: =IF('Master Sheet'!C7="Area 4 (Anitha R)",'Master Sheet'!P7,"")
A7: =IF('Master Sheet'!C8="Area 4 (Anitha R)",'Master Sheet'!A8,"") | B7: =IF('Master Sheet'!C8="Area 4 (Anitha R)",'Master Sheet'!B8,"") | C7: Area 4 (Anitha R) | D7: =IF('Master Sheet'!C8="Area 4 (Anitha R)",'Master Sheet'!D8,"") | E7: =IF('Master Sheet'!C8="Area 4 (Anitha R)",'Master Sheet'!E8,"") | F7: =IF('Master Sheet'!C8="Area 4 (Anitha R)",'Master Sheet'!F8,"") | G7: =IF('Master Sheet'!C8="Area 4 (Anitha R)",'Master Sheet'!G8,"") | H7: =IF('Master Sheet'!C8="Area 4 (Anitha R)",'Master Sheet'!H8,"") | I7: =IF('Master Sheet'!C8="Area 4 (Anitha R)",'Master Sheet'!I8,"") | J7: =IF('Master Sheet'!C8="Area 4 (Anitha R)",'Master Sheet'!J8,"") | K7: =IF('Master Sheet'!C8="Area 4 (Anitha R)",'Master Sheet'!K8,"") | L7: =IF('Master Sheet'!C8="Area 4 (Anitha R)",'Master Sheet'!L8,"") | M7: =IF('Master Sheet'!C8="Area 4 (Anitha R)",'Master Sheet'!M8,"") | N7: =IF('Master Sheet'!C8="Area 4 (Anitha R)",'Master Sheet'!N8,"") | O7: =IF('Master Sheet'!C8="Area 4 (Anitha R)",'Master Sheet'!O8,"") | P7: =IF('Master Sheet'!C8="Area 4 (Anitha R)",'Master Sheet'!P8,"")
A8: =IF('Master Sheet'!C9="Area 4 (Anitha R)",'Master Sheet'!A9,"") | B8: =IF('Master Sheet'!C9="Area 4 (Anitha R)",'Master Sheet'!B9,"") | C8: Area 4 (Anitha R) | D8: =IF('Master Sheet'!C9="Area 4 (Anitha R)",'Master Sheet'!D9,"") | E8: =IF('Master Sheet'!C9="Area 4 (Anitha R)",'Master Sheet'!E9,"") | F8: =IF('Master Sheet'!C9="Area 4 (Anitha R)",'Master Sheet'!F9,"") | G8: =IF('Master Sheet'!C9="Area 4 (Anitha R)",'Master Sheet'!G9,"") | H8: =IF('Master Sheet'!C9="Area 4 (Anitha R)",'Master Sheet'!H9,"") | I8: =IF('Master Sheet'!C9="Area 4 (Anitha R)",'Master Sheet'!I9,"") | J8: =IF('Master Sheet'!C9="Area 4 (Anitha R)",'Master Sheet'!J9,"") | K8: =IF('Master Sheet'!C9="Area 4 (Anitha R)",'Master Sheet'!K9,"") | L8: =IF('Master Sheet'!C9="Area 4 (Anitha R)",'Master Sheet'!L9,"") | M8: =IF('Master Sheet'!C9="Area 4 (Anitha R)",'Master Sheet'!M9,"") | N8: =IF('Master Sheet'!C9="Area 4 (Anitha R)",'Master Sheet'!N9,"") | O8: =IF('Master Sheet'!C9="Area 4 (Anitha R)",'Master Sheet'!O9,"") | P8: =IF('Master Sheet'!C9="Area 4 (Anitha R)",'Master Sheet'!P9,"")
A9: =IF('Master Sheet'!C10="Area 4 (Anitha R)",'Master Sheet'!A10,"") | B9: =IF('Master Sheet'!C10="Area 4 (Anitha R)",'Master Sheet'!B10,"") | C9: Area 4 (Anitha R) | D9: =IF('Master Sheet'!C10="Area 4 (Anitha R)",'Master Sheet'!D10,"") | E9: =IF('Master Sheet'!C10="Area 4 (Anitha R)",'Master Sheet'!E10,"") | F9: =IF('Master Sheet'!C10="Area 4 (Anitha R)",'Master Sheet'!F10,"") | G9: =IF('Master Sheet'!C10="Area 4 (Anitha R)",'Master Sheet'!G10,"") | H9: =IF('Master Sheet'!C10="Area 4 (Anitha R)",'Master Sheet'!H10,"") | I9: =IF('Master Sheet'!C10="Area 4 (Anitha R)",'Master Sheet'!I10,"") | J9: =IF('Master Sheet'!C10="Area 4 (Anitha R)",'Master Sheet'!J10,"") | K9: =IF('Master Sheet'!C10="Area 4 (Anitha R)",'Master Sheet'!K10,"") | L9: =IF('Master Sheet'!C10="Area 4 (Anitha R)",'Master Sheet'!L10,"") | M9: =IF('Master Sheet'!C10="Area 4 (Anitha R)",'Master Sheet'!M10,"") | N9: =IF('Master Sheet'!C10="Area 4 (Anitha R)",'Master Sheet'!N10,"") | O9: =IF('Master Sheet'!C10="Area 4 (Anitha R)",'Master Sheet'!O10,"") | P9: =IF('Master Sheet'!C10="Area 4 (Anitha R)",'Master Sheet'!P10,"")
A10: =IF('Master Sheet'!C11="Area 4 (Anitha R)",'Master Sheet'!A11,"") | B10: =IF('Master Sheet'!C11="Area 4 (Anitha R)",'Master Sheet'!B11,"") | C10: Area 4 (Anitha R) | D10: =IF('Master Sheet'!C11="Area 4 (Anitha R)",'Master Sheet'!D11,"") | E10: =IF('Master Sheet'!C11="Area 4 (Anitha R)",'Master Sheet'!E11,"") | F10: =IF('Master Sheet'!C11="Area 4 (Anitha R)",'Master Sheet'!F11,"") | G10: =IF('Master Sheet'!C11="Area 4 (Anitha R)",'Master Sheet'!G11,"") | H10: =IF('Master Sheet'!C11="Area 4 (Anitha R)",'Master Sheet'!H11,"") | I10: =IF('Master Sheet'!C11="Area 4 (Anitha R)",'Master Sheet'!I11,"") | J10: =IF('Master Sheet'!C11="Area 4 (Anitha R)",'Master Sheet'!J11,"") | K10: =IF('Master Sheet'!C11="Area 4 (Anitha R)",'Master Sheet'!K11,"") | L10: =IF('Master Sheet'!C11="Area 4 (Anitha R)",'Master Sheet'!L11,"") | M10: =IF('Master Sheet'!C11="Area 4 (Anitha R)",'Master Sheet'!M11,"") | N10: =IF('Master Sheet'!C11="Area 4 (Anitha R)",'Master Sheet'!N11,"") | O10: =IF('Master Sheet'!C11="Area 4 (Anitha R)",'Master Sheet'!O11,"") | P10: =IF('Master Sheet'!C11="Area 4 (Anitha R)",'Master Sheet'!P11,"")
A11: =IF('Master Sheet'!C12="Area 4 (Anitha R)",'Master Sheet'!A12,"") | B11: =IF('Master Sheet'!C12="Area 4 (Anitha R)",'Master Sheet'!B12,"") | C11: Area 4 (Anitha R) | D11: =IF('Master Sheet'!C12="Area 4 (Anitha R)",'Master Sheet'!D12,"") | E11: =IF('Master Sheet'!C12="Area 4 (Anitha R)",'Master Sheet'!E12,"") | F11: =IF('Master Sheet'!C12="Area 4 (Anitha R)",'Master Sheet'!F12,"") | G11: =IF('Master Sheet'!C12="Area 4 (Anitha R)",'Master Sheet'!G12,"") | H11: =IF('Master Sheet'!C12="Area 4 (Anitha R)",'Master Sheet'!H12,"") | I11: =IF('Master Sheet'!C12="Area 4 (Anitha R)",'Master Sheet'!I12,"") | J11: =IF('Master Sheet'!C12="Area 4 (Anitha R)",'Master Sheet'!J12,"") | K11: =IF('Master Sheet'!C12="Area 4 (Anitha R)",'Master Sheet'!K12,"") | L11: =IF('Master Sheet'!C12="Area 4 (Anitha R)",'Master Sheet'!L12,"") | M11: =IF('Master Sheet'!C12="Area 4 (Anitha R)",'Master Sheet'!M12,"") | N11: =IF('Master Sheet'!C12="Area 4 (Anitha R)",'Master Sheet'!N12,"") | O11: =IF('Master Sheet'!C12="Area 4 (Anitha R)",'Master Sheet'!O12,"") | P11: =IF('Master Sheet'!C12="Area 4 (Anitha R)",'Master Sheet'!P12,"")
A12: =IF('Master Sheet'!C13="Area 4 (Anitha R)",'Master Sheet'!A13,"") | B12: =IF('Master Sheet'!C13="Area 4 (Anitha R)",'Master Sheet'!B13,"") | C12: Area 4 (Anitha R) | D12: =IF('Master Sheet'!C13="Area 4 (Anitha R)",'Master Sheet'!D13,"") | E12: =IF('Master Sheet'!C13="Area 4 (Anitha R)",'Master Sheet'!E13,"") | F12: =IF('Master Sheet'!C13="Area 4 (Anitha R)",'Master Sheet'!F13,"") | G12: =IF('Master Sheet'!C13="Area 4 (Anitha R)",'Master Sheet'!G13,"") | H12: =IF('Master Sheet'!C13="Area 4 (Anitha R)",'Master Sheet'!H13,"") | I12: =IF('Master Sheet'!C13="Area 4 (Anitha R)",'Master Sheet'!I13,"") | J12: =IF('Master Sheet'!C13="Area 4 (Anitha R)",'Master Sheet'!J13,"") | K12: =IF('Master Sheet'!C13="Area 4 (Anitha R)",'Master Sheet'!K13,"") | L12: =IF('Master Sheet'!C13="Area 4 (Anitha R)",'Master Sheet'!L13,"") | M12: =IF('Master Sheet'!C13="Area 4 (Anitha R)",'Master Sheet'!M13,"") | N12: =IF('Master Sheet'!C13="Area 4 (Anitha R)",'Master Sheet'!N13,"") | O12: =IF('Master Sheet'!C13="Area 4 (Anitha R)",'Master Sheet'!O13,"") | P12: =IF('Master Sheet'!C13="Area 4 (Anitha R)",'Master Sheet'!P13,"")
A13: =IF('Master Sheet'!C14="Area 4 (Anitha R)",'Master Sheet'!A14,"") | B13: =IF('Master Sheet'!C14="Area 4 (Anitha R)",'Master Sheet'!B14,"") | C13: Area 4 (Anitha R) | D13: =IF('Master Sheet'!C14="Area 4 (Anitha R)",'Master Sheet'!D14,"") | E13: =IF('Master Sheet'!C14="Area 4 (Anitha R)",'Master Sheet'!E14,"") | F13: =IF('Master Sheet'!C14="Area 4 (Anitha R)",'Master Sheet'!F14,"") | G13: =IF('Master Sheet'!C14="Area 4 (Anitha R)",'Master Sheet'!G14,"") | H13: =IF('Master Sheet'!C14="Area 4 (Anitha R)",'Master Sheet'!H14,"") | I13: =IF('Master Sheet'!C14="Area 4 (Anitha R)",'Master Sheet'!I14,"") | J13: =IF('Master Sheet'!C14="Area 4 (Anitha R)",'Master Sheet'!J14,"") | K13: =IF('Master Sheet'!C14="Area 4 (Anitha R)",'Master Sheet'!K14,"") | L13: =IF('Master Sheet'!C14="Area 4 (Anitha R)",'Master Sheet'!L14,"") | M13: =IF('Master Sheet'!C14="Area 4 (Anitha R)",'Master Sheet'!M14,"") | N13: =IF('Master Sheet'!C14="Area 4 (Anitha R)",'Master Sheet'!N14,"") | O13: =IF('Master Sheet'!C14="Area 4 (Anitha R)",'Master Sheet'!O14,"") | P13: =IF('Master Sheet'!C14="Area 4 (Anitha R)",'Master Sheet'!P14,"")
... A151: =IF('Master Sheet'!C152="Area 4 (Anitha R)",'Master Sheet'!A152,"") | B151: =IF('Master Sheet'!C152="Area 4 (Anitha R)",'Master Sheet'!B152,"") | C151: Area 4 (Anitha R) | D151: =IF('Master Sheet'!C152="Area 4 (Anitha R)",'Master Sheet'!D152,"") | E151: =IF('Master Sheet'!C152="Area 4 (Anitha R)",'Master Sheet'!E152,"") | F151: =IF('Master Sheet'!C152="Area 4 (Anitha R)",'Master Sheet'!F152,"") | G151: =IF('Master Sheet'!C152="Area 4 (Anitha R)",'Master Sheet'!G152,"") | H151: =IF('Master Sheet'!C152="Area 4 (Anitha R)",'Master Sheet'!H152,"") | I151: =IF('Master Sheet'!C152="Area 4 (Anitha R)",'Master Sheet'!I152,"") | J151: =IF('Master Sheet'!C152="Area 4 (Anitha R)",'Master Sheet'!J152,"") | K151: =IF('Master Sheet'!C152="Area 4 (Anitha R)",'Master Sheet'!K152,"") | L151: =IF('Master Sheet'!C152="Area 4 (Anitha R)",'Master Sheet'!L152,"") | M151: =IF('Master Sheet'!C152="Area 4 (Anitha R)",'Master Sheet'!M152,"") | N151: =IF('Master Sheet'!C152="Area 4 (Anitha R)",'Master Sheet'!N152,"") | O151: =IF('Master Sheet'!C152="Area 4 (Anitha R)",'Master Sheet'!O152,"") | P151: =IF('Master Sheet'!C152="Area 4 (Anitha R)",'Master Sheet'!P152,"")
D152: =SUBTOTAL(9,D69:D151) -> 2800 | E152: =SUBTOTAL(9,E69:E151) -> 3300 | F152: =SUBTOTAL(9,F69:F151) -> 2950 | G152: =SUBTOTAL(9,G69:G151) -> 1950 | H152: =SUBTOTAL(9,H69:H151) -> 0 | I152: =SUBTOTAL(9,I69:I151) -> 0 | J152: =SUBTOTAL(9,J69:J151) -> 0 | K152: =SUBTOTAL(9,K69:K151) -> 0 | ... M152: =SUBTOTAL(9,M69:M151) -> 0 | N152: =D152+E152+F152+G152+H152+I152+J152+K152+L152+M152 -> 11000

Sheet Area 5 (Renuka A)
A1: Person ID | B1: Name | C1: Area | D1: Oct | E1: Nov | F1: Dec | G1: Jan | H1: Feb | I1: Mar | J1: Apr | K1: May | L1: Jun | M1: Jul | N1: Total Paid | O1: Balance | P1: Status
A2: =IF('Master Sheet'!C3="Area 5 (Renuka A)",'Master Sheet'!A3,"") | B2: =IF('Master Sheet'!C3="Area 5 (Renuka A)",'Master Sheet'!B3,"") | C2: Area 5 (Renuka A) | D2: =IF('Master Sheet'!C3="Area 5 (Renuka A)",'Master Sheet'!D3,"") | E2: =IF('Master Sheet'!C3="Area 5 (Renuka A)",'Master Sheet'!E3,"") | F2: =IF('Master Sheet'!C3="Area 5 (Renuka A)",'Master Sheet'!F3,"") | G2: =IF('Master Sheet'!C3="Area 5 (Renuka A)",'Master Sheet'!G3,"") | H2: =IF('Master Sheet'!C3="Area 5 (Renuka A)",'Master Sheet'!H3,"") | I2: =IF('Master Sheet'!C3="Area 5 (Renuka A)",'Master Sheet'!I3,"") | J2: =IF('Master Sheet'!C3="Area 5 (Renuka A)",'Master Sheet'!J3,"") | K2: =IF('Master Sheet'!C3="Area 5 (Renuka A)",'Master Sheet'!K3,"") | L2: =IF('Master Sheet'!C3="Area 5 (Renuka A)",'Master Sheet'!L3,"") | M2: =IF('Master Sheet'!C3="Area 5 (Renuka A)",'Master Sheet'!M3,"") | N2: =IF('Master Sheet'!C3="Area 5 (Renuka A)",'Master Sheet'!N3,"") | O2: =IF('Master Sheet'!C3="Area 5 (Renuka A)",'Master Sheet'!O3,"") | P2: =IF('Master Sheet'!C3="Area 5 (Renuka A)",'Master Sheet'!P3,"")
A3: =IF('Master Sheet'!C4="Area 5 (Renuka A)",'Master Sheet'!A4,"") | B3: =IF('Master Sheet'!C4="Area 5 (Renuka A)",'Master Sheet'!B4,"") | C3: Area 5 (Renuka A) | D3: =IF('Master Sheet'!C4="Area 5 (Renuka A)",'Master Sheet'!D4,"") | E3: =IF('Master Sheet'!C4="Area 5 (Renuka A)",'Master Sheet'!E4,"") | F3: =IF('Master Sheet'!C4="Area 5 (Renuka A)",'Master Sheet'!F4,"") | G3: =IF('Master Sheet'!C4="Area 5 (Renuka A)",'Master Sheet'!G4,"") | H3: =IF('Master Sheet'!C4="Area 5 (Renuka A)",'Master Sheet'!H4,"") | I3: =IF('Master Sheet'!C4="Area 5 (Renuka A)",'Master Sheet'!I4,"") | J3: =IF('Master Sheet'!C4="Area 5 (Renuka A)",'Master Sheet'!J4,"") | K3: =IF('Master Sheet'!C4="Area 5 (Renuka A)",'Master Sheet'!K4,"") | L3: =IF('Master Sheet'!C4="Area 5 (Renuka A)",'Master Sheet'!L4,"") | M3: =IF('Master Sheet'!C4="Area 5 (Renuka A)",'Master Sheet'!M4,"") | N3: =IF('Master Sheet'!C4="Area 5 (Renuka A)",'Master Sheet'!N4,"") | O3: =IF('Master Sheet'!C4="Area 5 (Renuka A)",'Master Sheet'!O4,"") | P3: =IF('Master Sheet'!C4="Area 5 (Renuka A)",'Master Sheet'!P4,"")
A4: =IF('Master Sheet'!C5="Area 5 (Renuka A)",'Master Sheet'!A5,"") | B4: =IF('Master Sheet'!C5="Area 5 (Renuka A)",'Master Sheet'!B5,"") | C4: Area 5 (Renuka A) | D4: =IF('Master Sheet'!C5="Area 5 (Renuka A)",'Master Sheet'!D5,"") | E4: =IF('Master Sheet'!C5="Area 5 (Renuka A)",'Master Sheet'!E5,"") | F4: =IF('Master Sheet'!C5="Area 5 (Renuka A)",'Master Sheet'!F5,"") | G4: =IF('Master Sheet'!C5="Area 5 (Renuka A)",'Master Sheet'!G5,"") | H4: =IF('Master Sheet'!C5="Area 5 (Renuka A)",'Master Sheet'!H5,"") | I4: =IF('Master Sheet'!C5="Area 5 (Renuka A)",'Master Sheet'!I5,"") | J4: =IF('Master Sheet'!C5="Area 5 (Renuka A)",'Master Sheet'!J5,"") | K4: =IF('Master Sheet'!C5="Area 5 (Renuka A)",'Master Sheet'!K5,"") | L4: =IF('Master Sheet'!C5="Area 5 (Renuka A)",'Master Sheet'!L5,"") | M4: =IF('Master Sheet'!C5="Area 5 (Renuka A)",'Master Sheet'!M5,"") | N4: =IF('Master Sheet'!C5="Area 5 (Renuka A)",'Master Sheet'!N5,"") | O4: =IF('Master Sheet'!C5="Area 5 (Renuka A)",'Master Sheet'!O5,"") | P4: =IF('Master Sheet'!C5="Area 5 (Renuka A)",'Master Sheet'!P5,"")
A5: =IF('Master Sheet'!C6="Area 5 (Renuka A)",'Master Sheet'!A6,"") | B5: =IF('Master Sheet'!C6="Area 5 (Renuka A)",'Master Sheet'!B6,"") | C5: Area 5 (Renuka A) | D5: =IF('Master Sheet'!C6="Area 5 (Renuka A)",'Master Sheet'!D6,"") | E5: =IF('Master Sheet'!C6="Area 5 (Renuka A)",'Master Sheet'!E6,"") | F5: =IF('Master Sheet'!C6="Area 5 (Renuka A)",'Master Sheet'!F6,"") | G5: =IF('Master Sheet'!C6="Area 5 (Renuka A)",'Master Sheet'!G6,"") | H5: =IF('Master Sheet'!C6="Area 5 (Renuka A)",'Master Sheet'!H6,"") | I5: =IF('Master Sheet'!C6="Area 5 (Renuka A)",'Master Sheet'!I6,"") | J5: =IF('Master Sheet'!C6="Area 5 (Renuka A)",'Master Sheet'!J6,"") | K5: =IF('Master Sheet'!C6="Area 5 (Renuka A)",'Master Sheet'!K6,"") | L5: =IF('Master Sheet'!C6="Area 5 (Renuka A)",'Master Sheet'!L6,"") | M5: =IF('Master Sheet'!C6="Area 5 (Renuka A)",'Master Sheet'!M6,"") | N5: =IF('Master Sheet'!C6="Area 5 (Renuka A)",'Master Sheet'!N6,"") | O5: =IF('Master Sheet'!C6="Area 5 (Renuka A)",'Master Sheet'!O6,"") | P5: =IF('Master Sheet'!C6="Area 5 (Renuka A)",'Master Sheet'!P6,"")
A6: =IF('Master Sheet'!C7="Area 5 (Renuka A)",'Master Sheet'!A7,"") | B6: =IF('Master Sheet'!C7="Area 5 (Renuka A)",'Master Sheet'!B7,"") | C6: Area 5 (Renuka A) | D6: =IF('Master Sheet'!C7="Area 5 (Renuka A)",'Master Sheet'!D7,"") | E6: =IF('Master Sheet'!C7="Area 5 (Renuka A)",'Master Sheet'!E7,"") | F6: =IF('Master Sheet'!C7="Area 5 (Renuka A)",'Master Sheet'!F7,"") | G6: =IF('Master Sheet'!C7="Area 5 (Renuka A)",'Master Sheet'!G7,"") | H6: =IF('Master Sheet'!C7="Area 5 (Renuka A)",'Master Sheet'!H7,"") | I6: =IF('Master Sheet'!C7="Area 5 (Renuka A)",'Master Sheet'!I7,"") | J6: =IF('Master Sheet'!C7="Area 5 (Renuka A)",'Master Sheet'!J7,"") | K6: =IF('Master Sheet'!C7="Area 5 (Renuka A)",'Master Sheet'!K7,"") | L6: =IF('Master Sheet'!C7="Area 5 (Renuka A)",'Master Sheet'!L7,"") | M6: =IF('Master Sheet'!C7="Area 5 (Renuka A)",'Master Sheet'!M7,"") | N6: =IF('Master Sheet'!C7="Area 5 (Renuka A)",'Master Sheet'!N7,"") | O6: =IF('Master Sheet'!C7="Area 5 (Renuka A)",'Master Sheet'!O7,"") | P6: =IF('Master Sheet'!C7="Area 5 (Renuka A)",'Master Sheet'!P7,"")
A7: =IF('Master Sheet'!C8="Area 5 (Renuka A)",'Master Sheet'!A8,"") | B7: =IF('Master Sheet'!C8="Area 5 (Renuka A)",'Master Sheet'!B8,"") | C7: Area 5 (Renuka A) | D7: =IF('Master Sheet'!C8="Area 5 (Renuka A)",'Master Sheet'!D8,"") | E7: =IF('Master Sheet'!C8="Area 5 (Renuka A)",'Master Sheet'!E8,"") | F7: =IF('Master Sheet'!C8="Area 5 (Renuka A)",'Master Sheet'!F8,"") | G7: =IF('Master Sheet'!C8="Area 5 (Renuka A)",'Master Sheet'!G8,"") | H7: =IF('Master Sheet'!C8="Area 5 (Renuka A)",'Master Sheet'!H8,"") | I7: =IF('Master Sheet'!C8="Area 5 (Renuka A)",'Master Sheet'!I8,"") | J7: =IF('Master Sheet'!C8="Area 5 (Renuka A)",'Master Sheet'!J8,"") | K7: =IF('Master Sheet'!C8="Area 5 (Renuka A)",'Master Sheet'!K8,"") | L7: =IF('Master Sheet'!C8="Area 5 (Renuka A)",'Master Sheet'!L8,"") | M7: =IF('Master Sheet'!C8="Area 5 (Renuka A)",'Master Sheet'!M8,"") | N7: =IF('Master Sheet'!C8="Area 5 (Renuka A)",'Master Sheet'!N8,"") | O7: =IF('Master Sheet'!C8="Area 5 (Renuka A)",'Master Sheet'!O8,"") | P7: =IF('Master Sheet'!C8="Area 5 (Renuka A)",'Master Sheet'!P8,"")
A8: =IF('Master Sheet'!C9="Area 5 (Renuka A)",'Master Sheet'!A9,"") | B8: =IF('Master Sheet'!C9="Area 5 (Renuka A)",'Master Sheet'!B9,"") | C8: Area 5 (Renuka A) | D8: =IF('Master Sheet'!C9="Area 5 (Renuka A)",'Master Sheet'!D9,"") | E8: =IF('Master Sheet'!C9="Area 5 (Renuka A)",'Master Sheet'!E9,"") | F8: =IF('Master Sheet'!C9="Area 5 (Renuka A)",'Master Sheet'!F9,"") | G8: =IF('Master Sheet'!C9="Area 5 (Renuka A)",'Master Sheet'!G9,"") | H8: =IF('Master Sheet'!C9="Area 5 (Renuka A)",'Master Sheet'!H9,"") | I8: =IF('Master Sheet'!C9="Area 5 (Renuka A)",'Master Sheet'!I9,"") | J8: =IF('Master Sheet'!C9="Area 5 (Renuka A)",'Master Sheet'!J9,"") | K8: =IF('Master Sheet'!C9="Area 5 (Renuka A)",'Master Sheet'!K9,"") | L8: =IF('Master Sheet'!C9="Area 5 (Renuka A)",'Master Sheet'!L9,"") | M8: =IF('Master Sheet'!C9="Area 5 (Renuka A)",'Master Sheet'!M9,"") | N8: =IF('Master Sheet'!C9="Area 5 (Renuka A)",'Master Sheet'!N9,"") | O8: =IF('Master Sheet'!C9="Area 5 (Renuka A)",'Master Sheet'!O9,"") | P8: =IF('Master Sheet'!C9="Area 5 (Renuka A)",'Master Sheet'!P9,"")
A9: =IF('Master Sheet'!C10="Area 5 (Renuka A)",'Master Sheet'!A10,"") | B9: =IF('Master Sheet'!C10="Area 5 (Renuka A)",'Master Sheet'!B10,"") | C9: Area 5 (Renuka A) | D9: =IF('Master Sheet'!C10="Area 5 (Renuka A)",'Master Sheet'!D10,"") | E9: =IF('Master Sheet'!C10="Area 5 (Renuka A)",'Master Sheet'!E10,"") | F9: =IF('Master Sheet'!C10="Area 5 (Renuka A)",'Master Sheet'!F10,"") | G9: =IF('Master Sheet'!C10="Area 5 (Renuka A)",'Master Sheet'!G10,"") | H9: =IF('Master Sheet'!C10="Area 5 (Renuka A)",'Master Sheet'!H10,"") | I9: =IF('Master Sheet'!C10="Area 5 (Renuka A)",'Master Sheet'!I10,"") | J9: =IF('Master Sheet'!C10="Area 5 (Renuka A)",'Master Sheet'!J10,"") | K9: =IF('Master Sheet'!C10="Area 5 (Renuka A)",'Master Sheet'!K10,"") | L9: =IF('Master Sheet'!C10="Area 5 (Renuka A)",'Master Sheet'!L10,"") | M9: =IF('Master Sheet'!C10="Area 5 (Renuka A)",'Master Sheet'!M10,"") | N9: =IF('Master Sheet'!C10="Area 5 (Renuka A)",'Master Sheet'!N10,"") | O9: =IF('Master Sheet'!C10="Area 5 (Renuka A)",'Master Sheet'!O10,"") | P9: =IF('Master Sheet'!C10="Area 5 (Renuka A)",'Master Sheet'!P10,"")
A10: =IF('Master Sheet'!C11="Area 5 (Renuka A)",'Master Sheet'!A11,"") | B10: =IF('Master Sheet'!C11="Area 5 (Renuka A)",'Master Sheet'!B11,"") | C10: Area 5 (Renuka A) | D10: =IF('Master Sheet'!C11="Area 5 (Renuka A)",'Master Sheet'!D11,"") | E10: =IF('Master Sheet'!C11="Area 5 (Renuka A)",'Master Sheet'!E11,"") | F10: =IF('Master Sheet'!C11="Area 5 (Renuka A)",'Master Sheet'!F11,"") | G10: =IF('Master Sheet'!C11="Area 5 (Renuka A)",'Master Sheet'!G11,"") | H10: =IF('Master Sheet'!C11="Area 5 (Renuka A)",'Master Sheet'!H11,"") | I10: =IF('Master Sheet'!C11="Area 5 (Renuka A)",'Master Sheet'!I11,"") | J10: =IF('Master Sheet'!C11="Area 5 (Renuka A)",'Master Sheet'!J11,"") | K10: =IF('Master Sheet'!C11="Area 5 (Renuka A)",'Master Sheet'!K11,"") | L10: =IF('Master Sheet'!C11="Area 5 (Renuka A)",'Master Sheet'!L11,"") | M10: =IF('Master Sheet'!C11="Area 5 (Renuka A)",'Master Sheet'!M11,"") | N10: =IF('Master Sheet'!C11="Area 5 (Renuka A)",'Master Sheet'!N11,"") | O10: =IF('Master Sheet'!C11="Area 5 (Renuka A)",'Master Sheet'!O11,"") | P10: =IF('Master Sheet'!C11="Area 5 (Renuka A)",'Master Sheet'!P11,"")
A11: =IF('Master Sheet'!C12="Area 5 (Renuka A)",'Master Sheet'!A12,"") | B11: =IF('Master Sheet'!C12="Area 5 (Renuka A)",'Master Sheet'!B12,"") | C11: Area 5 (Renuka A) | D11: =IF('Master Sheet'!C12="Area 5 (Renuka A)",'Master Sheet'!D12,"") | E11: =IF('Master Sheet'!C12="Area 5 (Renuka A)",'Master Sheet'!E12,"") | F11: =IF('Master Sheet'!C12="Area 5 (Renuka A)",'Master Sheet'!F12,"") | G11: =IF('Master Sheet'!C12="Area 5 (Renuka A)",'Master Sheet'!G12,"") | H11: =IF('Master Sheet'!C12="Area 5 (Renuka A)",'Master Sheet'!H12,"") | I11: =IF('Master Sheet'!C12="Area 5 (Renuka A)",'Master Sheet'!I12,"") | J11: =IF('Master Sheet'!C12="Area 5 (Renuka A)",'Master Sheet'!J12,"") | K11: =IF('Master Sheet'!C12="Area 5 (Renuka A)",'Master Sheet'!K12,"") | L11: =IF('Master Sheet'!C12="Area 5 (Renuka A)",'Master Sheet'!L12,"") | M11: =IF('Master Sheet'!C12="Area 5 (Renuka A)",'Master Sheet'!M12,"") | N11: =IF('Master Sheet'!C12="Area 5 (Renuka A)",'Master Sheet'!N12,"") | O11: =IF('Master Sheet'!C12="Area 5 (Renuka A)",'Master Sheet'!O12,"") | P11: =IF('Master Sheet'!C12="Area 5 (Renuka A)",'Master Sheet'!P12,"")
A12: =IF('Master Sheet'!C13="Area 5 (Renuka A)",'Master Sheet'!A13,"") | B12: =IF('Master Sheet'!C13="Area 5 (Renuka A)",'Master Sheet'!B13,"") | C12: Area 5 (Renuka A) | D12: =IF('Master Sheet'!C13="Area 5 (Renuka A)",'Master Sheet'!D13,"") | E12: =IF('Master Sheet'!C13="Area 5 (Renuka A)",'Master Sheet'!E13,"") | F12: =IF('Master Sheet'!C13="Area 5 (Renuka A)",'Master Sheet'!F13,"") | G12: =IF('Master Sheet'!C13="Area 5 (Renuka A)",'Master Sheet'!G13,"") | H12: =IF('Master Sheet'!C13="Area 5 (Renuka A)",'Master Sheet'!H13,"") | I12: =IF('Master Sheet'!C13="Area 5 (Renuka A)",'Master Sheet'!I13,"") | J12: =IF('Master Sheet'!C13="Area 5 (Renuka A)",'Master Sheet'!J13,"") | K12: =IF('Master Sheet'!C13="Area 5 (Renuka A)",'Master Sheet'!K13,"") | L12: =IF('Master Sheet'!C13="Area 5 (Renuka A)",'Master Sheet'!L13,"") | M12: =IF('Master Sheet'!C13="Area 5 (Renuka A)",'Master Sheet'!M13,"") | N12: =IF('Master Sheet'!C13="Area 5 (Renuka A)",'Master Sheet'!N13,"") | O12: =IF('Master Sheet'!C13="Area 5 (Renuka A)",'Master Sheet'!O13,"") | P12: =IF('Master Sheet'!C13="Area 5 (Renuka A)",'Master Sheet'!P13,"")
A13: =IF('Master Sheet'!C14="Area 5 (Renuka A)",'Master Sheet'!A14,"") | B13: =IF('Master Sheet'!C14="Area 5 (Renuka A)",'Master Sheet'!B14,"") | C13: Area 5 (Renuka A) | D13: =IF('Master Sheet'!C14="Area 5 (Renuka A)",'Master Sheet'!D14,"") | E13: =IF('Master Sheet'!C14="Area 5 (Renuka A)",'Master Sheet'!E14,"") | F13: =IF('Master Sheet'!C14="Area 5 (Renuka A)",'Master Sheet'!F14,"") | G13: =IF('Master Sheet'!C14="Area 5 (Renuka A)",'Master Sheet'!G14,"") | H13: =IF('Master Sheet'!C14="Area 5 (Renuka A)",'Master Sheet'!H14,"") | I13: =IF('Master Sheet'!C14="Area 5 (Renuka A)",'Master Sheet'!I14,"") | J13: =IF('Master Sheet'!C14="Area 5 (Renuka A)",'Master Sheet'!J14,"") | K13: =IF('Master Sheet'!C14="Area 5 (Renuka A)",'Master Sheet'!K14,"") | L13: =IF('Master Sheet'!C14="Area 5 (Renuka A)",'Master Sheet'!L14,"") | M13: =IF('Master Sheet'!C14="Area 5 (Renuka A)",'Master Sheet'!M14,"") | N13: =IF('Master Sheet'!C14="Area 5 (Renuka A)",'Master Sheet'!N14,"") | O13: =IF('Master Sheet'!C14="Area 5 (Renuka A)",'Master Sheet'!O14,"") | P13: =IF('Master Sheet'!C14="Area 5 (Renuka A)",'Master Sheet'!P14,"")
... A151: =IF('Master Sheet'!C152="Area 5 (Renuka A)",'Master Sheet'!A152,"") | B151: =IF('Master Sheet'!C152="Area 5 (Renuka A)",'Master Sheet'!B152,"") | C151: Area 5 (Renuka A) | D151: =IF('Master Sheet'!C152="Area 5 (Renuka A)",'Master Sheet'!D152,"") | E151: =IF('Master Sheet'!C152="Area 5 (Renuka A)",'Master Sheet'!E152,"") | F151: =IF('Master Sheet'!C152="Area 5 (Renuka A)",'Master Sheet'!F152,"") | G151: =IF('Master Sheet'!C152="Area 5 (Renuka A)",'Master Sheet'!G152,"") | H151: =IF('Master Sheet'!C152="Area 5 (Renuka A)",'Master Sheet'!H152,"") | I151: =IF('Master Sheet'!C152="Area 5 (Renuka A)",'Master Sheet'!I152,"") | J151: =IF('Master Sheet'!C152="Area 5 (Renuka A)",'Master Sheet'!J152,"") | K151: =IF('Master Sheet'!C152="Area 5 (Renuka A)",'Master Sheet'!K152,"") | L151: =IF('Master Sheet'!C152="Area 5 (Renuka A)",'Master Sheet'!L152,"") | M151: =IF('Master Sheet'!C152="Area 5 (Renuka A)",'Master Sheet'!M152,"") | N151: =IF('Master Sheet'!C152="Area 5 (Renuka A)",'Master Sheet'!N152,"") | O151: =IF('Master Sheet'!C152="Area 5 (Renuka A)",'Master Sheet'!O152,"") | P151: =IF('Master Sheet'!C152="Area 5 (Renuka A)",'Master Sheet'!P152,"")
D152: =SUBTOTAL(9,D78:D151) -> 2100 | E152: =SUBTOTAL(9,E78:E151) -> 1400 | F152: =SUBTOTAL(9,F78:F151) -> 700 | G152: =SUBTOTAL(9,G78:G151) -> 2800 | H152: =SUBTOTAL(9,H78:H151) -> 0 | I152: =SUBTOTAL(9,I78:I151) -> 0 | J152: =SUBTOTAL(9,J78:J151) -> 0 | K152: =SUBTOTAL(9,K78:K151) -> 0 | ... M152: =SUBTOTAL(9,M78:M151) -> 0 | N152: =D152+E152+F152+G152+H152+I152+J152+K152+L152+M152 -> 7000

Sheet Area 6 (Anitha P)
A1: Person ID | B1: Name | C1: Area | D1: Oct | E1: Nov | F1: Dec | G1: Jan | H1: Feb | I1: Mar | J1: Apr | K1: May | L1: Jun | M1: Jul | N1: Total Paid | O1: Balance | P1: Status
A2: =IF('Master Sheet'!C3="Area 6 (Anitha P)",'Master Sheet'!A3,"") | B2: =IF('Master Sheet'!C3="Area 6 (Anitha P)",'Master Sheet'!B3,"") | C2: Area 6 (Anitha P) | D2: =IF('Master Sheet'!C3="Area 6 (Anitha P)",'Master Sheet'!D3,"") | E2: =IF('Master Sheet'!C3="Area 6 (Anitha P)",'Master Sheet'!E3,"") | F2: =IF('Master Sheet'!C3="Area 6 (Anitha P)",'Master Sheet'!F3,"") | G2: =IF('Master Sheet'!C3="Area 6 (Anitha P)",'Master Sheet'!G3,"") | H2: =IF('Master Sheet'!C3="Area 6 (Anitha P)",'Master Sheet'!H3,"") | I2: =IF('Master Sheet'!C3="Area 6 (Anitha P)",'Master Sheet'!I3,"") | J2: =IF('Master Sheet'!C3="Area 6 (Anitha P)",'Master Sheet'!J3,"") | K2: =IF('Master Sheet'!C3="Area 6 (Anitha P)",'Master Sheet'!K3,"") | L2: =IF('Master Sheet'!C3="Area 6 (Anitha P)",'Master Sheet'!L3,"") | M2: =IF('Master Sheet'!C3="Area 6 (Anitha P)",'Master Sheet'!M3,"") | N2: =IF('Master Sheet'!C3="Area 6 (Anitha P)",'Master Sheet'!N3,"") | O2: =IF('Master Sheet'!C3="Area 6 (Anitha P)",'Master Sheet'!O3,"") | P2: =IF('Master Sheet'!C3="Area 6 (Anitha P)",'Master Sheet'!P3,"")
A3: =IF('Master Sheet'!C4="Area 6 (Anitha P)",'Master Sheet'!A4,"") | B3: =IF('Master Sheet'!C4="Area 6 (Anitha P)",'Master Sheet'!B4,"") | C3: Area 6 (Anitha P) | D3: =IF('Master Sheet'!C4="Area 6 (Anitha P)",'Master Sheet'!D4,"") | E3: =IF('Master Sheet'!C4="Area 6 (Anitha P)",'Master Sheet'!E4,"") | F3: =IF('Master Sheet'!C4="Area 6 (Anitha P)",'Master Sheet'!F4,"") | G3: =IF('Master Sheet'!C4="Area 6 (Anitha P)",'Master Sheet'!G4,"") | H3: =IF('Master Sheet'!C4="Area 6 (Anitha P)",'Master Sheet'!H4,"") | I3: =IF('Master Sheet'!C4="Area 6 (Anitha P)",'Master Sheet'!I4,"") | J3: =IF('Master Sheet'!C4="Area 6 (Anitha P)",'Master Sheet'!J4,"") | K3: =IF('Master Sheet'!C4="Area 6 (Anitha P)",'Master Sheet'!K4,"") | L3: =IF('Master Sheet'!C4="Area 6 (Anitha P)",'Master Sheet'!L4,"") | M3: =IF('Master Sheet'!C4="Area 6 (Anitha P)",'Master Sheet'!M4,"") | N3: =IF('Master Sheet'!C4="Area 6 (Anitha P)",'Master Sheet'!N4,"") | O3: =IF('Master Sheet'!C4="Area 6 (Anitha P)",'Master Sheet'!O4,"") | P3: =IF('Master Sheet'!C4="Area 6 (Anitha P)",'Master Sheet'!P4,"")
A4: =IF('Master Sheet'!C5="Area 6 (Anitha P)",'Master Sheet'!A5,"") | B4: =IF('Master Sheet'!C5="Area 6 (Anitha P)",'Master Sheet'!B5,"") | C4: Area 6 (Anitha P) | D4: =IF('Master Sheet'!C5="Area 6 (Anitha P)",'Master Sheet'!D5,"") | E4: =IF('Master Sheet'!C5="Area 6 (Anitha P)",'Master Sheet'!E5,"") | F4: =IF('Master Sheet'!C5="Area 6 (Anitha P)",'Master Sheet'!F5,"") | G4: =IF('Master Sheet'!C5="Area 6 (Anitha P)",'Master Sheet'!G5,"") | H4: =IF('Master Sheet'!C5="Area 6 (Anitha P)",'Master Sheet'!H5,"") | I4: =IF('Master Sheet'!C5="Area 6 (Anitha P)",'Master Sheet'!I5,"") | J4: =IF('Master Sheet'!C5="Area 6 (Anitha P)",'Master Sheet'!J5,"") | K4: =IF('Master Sheet'!C5="Area 6 (Anitha P)",'Master Sheet'!K5,"") | L4: =IF('Master Sheet'!C5="Area 6 (Anitha P)",'Master Sheet'!L5,"") | M4: =IF('Master Sheet'!C5="Area 6 (Anitha P)",'Master Sheet'!M5,"") | N4: =IF('Master Sheet'!C5="Area 6 (Anitha P)",'Master Sheet'!N5,"") | O4: =IF('Master Sheet'!C5="Area 6 (Anitha P)",'Master Sheet'!O5,"") | P4: =IF('Master Sheet'!C5="Area 6 (Anitha P)",'Master Sheet'!P5,"")
A5: =IF('Master Sheet'!C6="Area 6 (Anitha P)",'Master Sheet'!A6,"") | B5: =IF('Master Sheet'!C6="Area 6 (Anitha P)",'Master Sheet'!B6,"") | C5: Area 6 (Anitha P) | D5: =IF('Master Sheet'!C6="Area 6 (Anitha P)",'Master Sheet'!D6,"") | E5: =IF('Master Sheet'!C6="Area 6 (Anitha P)",'Master Sheet'!E6,"") | F5: =IF('Master Sheet'!C6="Area 6 (Anitha P)",'Master Sheet'!F6,"") | G5: =IF('Master Sheet'!C6="Area 6 (Anitha P)",'Master Sheet'!G6,"") | H5: =IF('Master Sheet'!C6="Area 6 (Anitha P)",'Master Sheet'!H6,"") | I5: =IF('Master Sheet'!C6="Area 6 (Anitha P)",'Master Sheet'!I6,"") | J5: =IF('Master Sheet'!C6="Area 6 (Anitha P)",'Master Sheet'!J6,"") | K5: =IF('Master Sheet'!C6="Area 6 (Anitha P)",'Master Sheet'!K6,"") | L5: =IF('Master Sheet'!C6="Area 6 (Anitha P)",'Master Sheet'!L6,"") | M5: =IF('Master Sheet'!C6="Area 6 (Anitha P)",'Master Sheet'!M6,"") | N5: =IF('Master Sheet'!C6="Area 6 (Anitha P)",'Master Sheet'!N6,"") | O5: =IF('Master Sheet'!C6="Area 6 (Anitha P)",'Master Sheet'!O6,"") | P5: =IF('Master Sheet'!C6="Area 6 (Anitha P)",'Master Sheet'!P6,"")
A6: =IF('Master Sheet'!C7="Area 6 (Anitha P)",'Master Sheet'!A7,"") | B6: =IF('Master Sheet'!C7="Area 6 (Anitha P)",'Master Sheet'!B7,"") | C6: Area 6 (Anitha P) | D6: =IF('Master Sheet'!C7="Area 6 (Anitha P)",'Master Sheet'!D7,"") | E6: =IF('Master Sheet'!C7="Area 6 (Anitha P)",'Master Sheet'!E7,"") | F6: =IF('Master Sheet'!C7="Area 6 (Anitha P)",'Master Sheet'!F7,"") | G6: =IF('Master Sheet'!C7="Area 6 (Anitha P)",'Master Sheet'!G7,"") | H6: =IF('Master Sheet'!C7="Area 6 (Anitha P)",'Master Sheet'!H7,"") | I6: =IF('Master Sheet'!C7="Area 6 (Anitha P)",'Master Sheet'!I7,"") | J6: =IF('Master Sheet'!C7="Area 6 (Anitha P)",'Master Sheet'!J7,"") | K6: =IF('Master Sheet'!C7="Area 6 (Anitha P)",'Master Sheet'!K7,"") | L6: =IF('Master Sheet'!C7="Area 6 (Anitha P)",'Master Sheet'!L7,"") | M6: =IF('Master Sheet'!C7="Area 6 (Anitha P)",'Master Sheet'!M7,"") | N6: =IF('Master Sheet'!C7="Area 6 (Anitha P)",'Master Sheet'!N7,"") | O6: =IF('Master Sheet'!C7="Area 6 (Anitha P)",'Master Sheet'!O7,"") | P6: =IF('Master Sheet'!C7="Area 6 (Anitha P)",'Master Sheet'!P7,"")
A7: =IF('Master Sheet'!C8="Area 6 (Anitha P)",'Master Sheet'!A8,"") | B7: =IF('Master Sheet'!C8="Area 6 (Anitha P)",'Master Sheet'!B8,"") | C7: Area 6 (Anitha P) | D7: =IF('Master Sheet'!C8="Area 6 (Anitha P)",'Master Sheet'!D8,"") | E7: =IF('Master Sheet'!C8="Area 6 (Anitha P)",'Master Sheet'!E8,"") | F7: =IF('Master Sheet'!C8="Area 6 (Anitha P)",'Master Sheet'!F8,"") | G7: =IF('Master Sheet'!C8="Area 6 (Anitha P)",'Master Sheet'!G8,"") | H7: =IF('Master Sheet'!C8="Area 6 (Anitha P)",'Master Sheet'!H8,"") | I7: =IF('Master Sheet'!C8="Area 6 (Anitha P)",'Master Sheet'!I8,"") | J7: =IF('Master Sheet'!C8="Area 6 (Anitha P)",'Master Sheet'!J8,"") | K7: =IF('Master Sheet'!C8="Area 6 (Anitha P)",'Master Sheet'!K8,"") | L7: =IF('Master Sheet'!C8="Area 6 (Anitha P)",'Master Sheet'!L8,"") | M7: =IF('Master Sheet'!C8="Area 6 (Anitha P)",'Master Sheet'!M8,"") | N7: =IF('Master Sheet'!C8="Area 6 (Anitha P)",'Master Sheet'!N8,"") | O7: =IF('Master Sheet'!C8="Area 6 (Anitha P)",'Master Sheet'!O8,"") | P7: =IF('Master Sheet'!C8="Area 6 (Anitha P)",'Master Sheet'!P8,"")
A8: =IF('Master Sheet'!C9="Area 6 (Anitha P)",'Master Sheet'!A9,"") | B8: =IF('Master Sheet'!C9="Area 6 (Anitha P)",'Master Sheet'!B9,"") | C8: Area 6 (Anitha P) | D8: =IF('Master Sheet'!C9="Area 6 (Anitha P)",'Master Sheet'!D9,"") | E8: =IF('Master Sheet'!C9="Area 6 (Anitha P)",'Master Sheet'!E9,"") | F8: =IF('Master Sheet'!C9="Area 6 (Anitha P)",'Master Sheet'!F9,"") | G8: =IF('Master Sheet'!C9="Area 6 (Anitha P)",'Master Sheet'!G9,"") | H8: =IF('Master Sheet'!C9="Area 6 (Anitha P)",'Master Sheet'!H9,"") | I8: =IF('Master Sheet'!C9="Area 6 (Anitha P)",'Master Sheet'!I9,"") | J8: =IF('Master Sheet'!C9="Area 6 (Anitha P)",'Master Sheet'!J9,"") | K8: =IF('Master Sheet'!C9="Area 6 (Anitha P)",'Master Sheet'!K9,"") | L8: =IF('Master Sheet'!C9="Area 6 (Anitha P)",'Master Sheet'!L9,"") | M8: =IF('Master Sheet'!C9="Area 6 (Anitha P)",'Master Sheet'!M9,"") | N8: =IF('Master Sheet'!C9="Area 6 (Anitha P)",'Master Sheet'!N9,"") | O8: =IF('Master Sheet'!C9="Area 6 (Anitha P)",'Master Sheet'!O9,"") | P8: =IF('Master Sheet'!C9="Area 6 (Anitha P)",'Master Sheet'!P9,"")
A9: =IF('Master Sheet'!C10="Area 6 (Anitha P)",'Master Sheet'!A10,"") | B9: =IF('Master Sheet'!C10="Area 6 (Anitha P)",'Master Sheet'!B10,"") | C9: Area 6 (Anitha P) | D9: =IF('Master Sheet'!C10="Area 6 (Anitha P)",'Master Sheet'!D10,"") | E9: =IF('Master Sheet'!C10="Area 6 (Anitha P)",'Master Sheet'!E10,"") | F9: =IF('Master Sheet'!C10="Area 6 (Anitha P)",'Master Sheet'!F10,"") | G9: =IF('Master Sheet'!C10="Area 6 (Anitha P)",'Master Sheet'!G10,"") | H9: =IF('Master Sheet'!C10="Area 6 (Anitha P)",'Master Sheet'!H10,"") | I9: =IF('Master Sheet'!C10="Area 6 (Anitha P)",'Master Sheet'!I10,"") | J9: =IF('Master Sheet'!C10="Area 6 (Anitha P)",'Master Sheet'!J10,"") | K9: =IF('Master Sheet'!C10="Area 6 (Anitha P)",'Master Sheet'!K10,"") | L9: =IF('Master Sheet'!C10="Area 6 (Anitha P)",'Master Sheet'!L10,"") | M9: =IF('Master Sheet'!C10="Area 6 (Anitha P)",'Master Sheet'!M10,"") | N9: =IF('Master Sheet'!C10="Area 6 (Anitha P)",'Master Sheet'!N10,"") | O9: =IF('Master Sheet'!C10="Area 6 (Anitha P)",'Master Sheet'!O10,"") | P9: =IF('Master Sheet'!C10="Area 6 (Anitha P)",'Master Sheet'!P10,"")
A10: =IF('Master Sheet'!C11="Area 6 (Anitha P)",'Master Sheet'!A11,"") | B10: =IF('Master Sheet'!C11="Area 6 (Anitha P)",'Master Sheet'!B11,"") | C10: Area 6 (Anitha P) | D10: =IF('Master Sheet'!C11="Area 6 (Anitha P)",'Master Sheet'!D11,"") | E10: =IF('Master Sheet'!C11="Area 6 (Anitha P)",'Master Sheet'!E11,"") | F10: =IF('Master Sheet'!C11="Area 6 (Anitha P)",'Master Sheet'!F11,"") | G10: =IF('Master Sheet'!C11="Area 6 (Anitha P)",'Master Sheet'!G11,"") | H10: =IF('Master Sheet'!C11="Area 6 (Anitha P)",'Master Sheet'!H11,"") | I10: =IF('Master Sheet'!C11="Area 6 (Anitha P)",'Master Sheet'!I11,"") | J10: =IF('Master Sheet'!C11="Area 6 (Anitha P)",'Master Sheet'!J11,"") | K10: =IF('Master Sheet'!C11="Area 6 (Anitha P)",'Master Sheet'!K11,"") | L10: =IF('Master Sheet'!C11="Area 6 (Anitha P)",'Master Sheet'!L11,"") | M10: =IF('Master Sheet'!C11="Area 6 (Anitha P)",'Master Sheet'!M11,"") | N10: =IF('Master Sheet'!C11="Area 6 (Anitha P)",'Master Sheet'!N11,"") | O10: =IF('Master Sheet'!C11="Area 6 (Anitha P)",'Master Sheet'!O11,"") | P10: =IF('Master Sheet'!C11="Area 6 (Anitha P)",'Master Sheet'!P11,"")
A11: =IF('Master Sheet'!C12="Area 6 (Anitha P)",'Master Sheet'!A12,"") | B11: =IF('Master Sheet'!C12="Area 6 (Anitha P)",'Master Sheet'!B12,"") | C11: Area 6 (Anitha P) | D11: =IF('Master Sheet'!C12="Area 6 (Anitha P)",'Master Sheet'!D12,"") | E11: =IF('Master Sheet'!C12="Area 6 (Anitha P)",'Master Sheet'!E12,"") | F11: =IF('Master Sheet'!C12="Area 6 (Anitha P)",'Master Sheet'!F12,"") | G11: =IF('Master Sheet'!C12="Area 6 (Anitha P)",'Master Sheet'!G12,"") | H11: =IF('Master Sheet'!C12="Area 6 (Anitha P)",'Master Sheet'!H12,"") | I11: =IF('Master Sheet'!C12="Area 6 (Anitha P)",'Master Sheet'!I12,"") | J11: =IF('Master Sheet'!C12="Area 6 (Anitha P)",'Master Sheet'!J12,"") | K11: =IF('Master Sheet'!C12="Area 6 (Anitha P)",'Master Sheet'!K12,"") | L11: =IF('Master Sheet'!C12="Area 6 (Anitha P)",'Master Sheet'!L12,"") | M11: =IF('Master Sheet'!C12="Area 6 (Anitha P)",'Master Sheet'!M12,"") | N11: =IF('Master Sheet'!C12="Area 6 (Anitha P)",'Master Sheet'!N12,"") | O11: =IF('Master Sheet'!C12="Area 6 (Anitha P)",'Master Sheet'!O12,"") | P11: =IF('Master Sheet'!C12="Area 6 (Anitha P)",'Master Sheet'!P12,"")
A12: =IF('Master Sheet'!C13="Area 6 (Anitha P)",'Master Sheet'!A13,"") | B12: =IF('Master Sheet'!C13="Area 6 (Anitha P)",'Master Sheet'!B13,"") | C12: Area 6 (Anitha P) | D12: =IF('Master Sheet'!C13="Area 6 (Anitha P)",'Master Sheet'!D13,"") | E12: =IF('Master Sheet'!C13="Area 6 (Anitha P)",'Master Sheet'!E13,"") | F12: =IF('Master Sheet'!C13="Area 6 (Anitha P)",'Master Sheet'!F13,"") | G12: =IF('Master Sheet'!C13="Area 6 (Anitha P)",'Master Sheet'!G13,"") | H12: =IF('Master Sheet'!C13="Area 6 (Anitha P)",'Master Sheet'!H13,"") | I12: =IF('Master Sheet'!C13="Area 6 (Anitha P)",'Master Sheet'!I13,"") | J12: =IF('Master Sheet'!C13="Area 6 (Anitha P)",'Master Sheet'!J13,"") | K12: =IF('Master Sheet'!C13="Area 6 (Anitha P)",'Master Sheet'!K13,"") | L12: =IF('Master Sheet'!C13="Area 6 (Anitha P)",'Master Sheet'!L13,"") | M12: =IF('Master Sheet'!C13="Area 6 (Anitha P)",'Master Sheet'!M13,"") | N12: =IF('Master Sheet'!C13="Area 6 (Anitha P)",'Master Sheet'!N13,"") | O12: =IF('Master Sheet'!C13="Area 6 (Anitha P)",'Master Sheet'!O13,"") | P12: =IF('Master Sheet'!C13="Area 6 (Anitha P)",'Master Sheet'!P13,"")
A13: =IF('Master Sheet'!C14="Area 6 (Anitha P)",'Master Sheet'!A14,"") | B13: =IF('Master Sheet'!C14="Area 6 (Anitha P)",'Master Sheet'!B14,"") | C13: Area 6 (Anitha P) | D13: =IF('Master Sheet'!C14="Area 6 (Anitha P)",'Master Sheet'!D14,"") | E13: =IF('Master Sheet'!C14="Area 6 (Anitha P)",'Master Sheet'!E14,"") | F13: =IF('Master Sheet'!C14="Area 6 (Anitha P)",'Master Sheet'!F14,"") | G13: =IF('Master Sheet'!C14="Area 6 (Anitha P)",'Master Sheet'!G14,"") | H13: =IF('Master Sheet'!C14="Area 6 (Anitha P)",'Master Sheet'!H14,"") | I13: =IF('Master Sheet'!C14="Area 6 (Anitha P)",'Master Sheet'!I14,"") | J13: =IF('Master Sheet'!C14="Area 6 (Anitha P)",'Master Sheet'!J14,"") | K13: =IF('Master Sheet'!C14="Area 6 (Anitha P)",'Master Sheet'!K14,"") | L13: =IF('Master Sheet'!C14="Area 6 (Anitha P)",'Master Sheet'!L14,"") | M13: =IF('Master Sheet'!C14="Area 6 (Anitha P)",'Master Sheet'!M14,"") | N13: =IF('Master Sheet'!C14="Area 6 (Anitha P)",'Master Sheet'!N14,"") | O13: =IF('Master Sheet'!C14="Area 6 (Anitha P)",'Master Sheet'!O14,"") | P13: =IF('Master Sheet'!C14="Area 6 (Anitha P)",'Master Sheet'!P14,"")
... A151: =IF('Master Sheet'!C152="Area 6 (Anitha P)",'Master Sheet'!A152,"") | B151: =IF('Master Sheet'!C152="Area 6 (Anitha P)",'Master Sheet'!B152,"") | C151: Area 6 (Anitha P) | D151: =IF('Master Sheet'!C152="Area 6 (Anitha P)",'Master Sheet'!D152,"") | E151: =IF('Master Sheet'!C152="Area 6 (Anitha P)",'Master Sheet'!E152,"") | F151: =IF('Master Sheet'!C152="Area 6 (Anitha P)",'Master Sheet'!F152,"") | G151: =IF('Master Sheet'!C152="Area 6 (Anitha P)",'Master Sheet'!G152,"") | H151: =IF('Master Sheet'!C152="Area 6 (Anitha P)",'Master Sheet'!H152,"") | I151: =IF('Master Sheet'!C152="Area 6 (Anitha P)",'Master Sheet'!I152,"") | J151: =IF('Master Sheet'!C152="Area 6 (Anitha P)",'Master Sheet'!J152,"") | K151: =IF('Master Sheet'!C152="Area 6 (Anitha P)",'Master Sheet'!K152,"") | L151: =IF('Master Sheet'!C152="Area 6 (Anitha P)",'Master Sheet'!L152,"") | M151: =IF('Master Sheet'!C152="Area 6 (Anitha P)",'Master Sheet'!M152,"") | N151: =IF('Master Sheet'!C152="Area 6 (Anitha P)",'Master Sheet'!N152,"") | O151: =IF('Master Sheet'!C152="Area 6 (Anitha P)",'Master Sheet'!O152,"") | P151: =IF('Master Sheet'!C152="Area 6 (Anitha P)",'Master Sheet'!P152,"")
D152: =SUBTOTAL(9,D90:D151) -> 2750 | E152: =SUBTOTAL(9,E90:E151) -> 3800 | F152: =SUBTOTAL(9,F90:F151) -> 3200 | G152: =SUBTOTAL(9,G90:G151) -> 2850 | H152: =SUBTOTAL(9,H90:H151) -> 0 | I152: =SUBTOTAL(9,I90:I151) -> 0 | J152: =SUBTOTAL(9,J90:J151) -> 0 | K152: =SUBTOTAL(9,K90:K151) -> 0 | ... M152: =SUBTOTAL(9,M90:M151) -> 0 | N152: =D152+E152+F152+G152+H152+I152+J152+K152+L152+M152 -> 12600

Sheet Area 7 (Anu R)
A1: Person ID | B1: Name | C1: Area | D1: Oct | E1: Nov | F1: Dec | G1: Jan | H1: Feb | I1: Mar | J1: Apr | K1: May | L1: Jun | M1: Jul | N1: Total Paid | O1: Balance | P1: Status
A2: =IF('Master Sheet'!C3="Area 7 (Anu R)",'Master Sheet'!A3,"") | B2: =IF('Master Sheet'!C3="Area 7 (Anu R)",'Master Sheet'!B3,"") | C2: Area 7 (Anu R) | D2: =IF('Master Sheet'!C3="Area 7 (Anu R)",'Master Sheet'!D3,"") | E2: =IF('Master Sheet'!C3="Area 7 (Anu R)",'Master Sheet'!E3,"") | F2: =IF('Master Sheet'!C3="Area 7 (Anu R)",'Master Sheet'!F3,"") | G2: =IF('Master Sheet'!C3="Area 7 (Anu R)",'Master Sheet'!G3,"") | H2: =IF('Master Sheet'!C3="Area 7 (Anu R)",'Master Sheet'!H3,"") | I2: =IF('Master Sheet'!C3="Area 7 (Anu R)",'Master Sheet'!I3,"") | J2: =IF('Master Sheet'!C3="Area 7 (Anu R)",'Master Sheet'!J3,"") | K2: =IF('Master Sheet'!C3="Area 7 (Anu R)",'Master Sheet'!K3,"") | L2: =IF('Master Sheet'!C3="Area 7 (Anu R)",'Master Sheet'!L3,"") | M2: =IF('Master Sheet'!C3="Area 7 (Anu R)",'Master Sheet'!M3,"") | N2: =IF('Master Sheet'!C3="Area 7 (Anu R)",'Master Sheet'!N3,"") | O2: =IF('Master Sheet'!C3="Area 7 (Anu R)",'Master Sheet'!O3,"") | P2: =IF('Master Sheet'!C3="Area 7 (Anu R)",'Master Sheet'!P3,"")
A3: =IF('Master Sheet'!C4="Area 7 (Anu R)",'Master Sheet'!A4,"") | B3: =IF('Master Sheet'!C4="Area 7 (Anu R)",'Master Sheet'!B4,"") | C3: Area 7 (Anu R) | D3: =IF('Master Sheet'!C4="Area 7 (Anu R)",'Master Sheet'!D4,"") | E3: =IF('Master Sheet'!C4="Area 7 (Anu R)",'Master Sheet'!E4,"") | F3: =IF('Master Sheet'!C4="Area 7 (Anu R)",'Master Sheet'!F4,"") | G3: =IF('Master Sheet'!C4="Area 7 (Anu R)",'Master Sheet'!G4,"") | H3: =IF('Master Sheet'!C4="Area 7 (Anu R)",'Master Sheet'!H4,"") | I3: =IF('Master Sheet'!C4="Area 7 (Anu R)",'Master Sheet'!I4,"") | J3: =IF('Master Sheet'!C4="Area 7 (Anu R)",'Master Sheet'!J4,"") | K3: =IF('Master Sheet'!C4="Area 7 (Anu R)",'Master Sheet'!K4,"") | L3: =IF('Master Sheet'!C4="Area 7 (Anu R)",'Master Sheet'!L4,"") | M3: =IF('Master Sheet'!C4="Area 7 (Anu R)",'Master Sheet'!M4,"") | N3: =IF('Master Sheet'!C4="Area 7 (Anu R)",'Master Sheet'!N4,"") | O3: =IF('Master Sheet'!C4="Area 7 (Anu R)",'Master Sheet'!O4,"") | P3: =IF('Master Sheet'!C4="Area 7 (Anu R)",'Master Sheet'!P4,"")
A4: =IF('Master Sheet'!C5="Area 7 (Anu R)",'Master Sheet'!A5,"") | B4: =IF('Master Sheet'!C5="Area 7 (Anu R)",'Master Sheet'!B5,"") | C4: Area 7 (Anu R) | D4: =IF('Master Sheet'!C5="Area 7 (Anu R)",'Master Sheet'!D5,"") | E4: =IF('Master Sheet'!C5="Area 7 (Anu R)",'Master Sheet'!E5,"") | F4: =IF('Master Sheet'!C5="Area 7 (Anu R)",'Master Sheet'!F5,"") | G4: =IF('Master Sheet'!C5="Area 7 (Anu R)",'Master Sheet'!G5,"") | H4: =IF('Master Sheet'!C5="Area 7 (Anu R)",'Master Sheet'!H5,"") | I4: =IF('Master Sheet'!C5="Area 7 (Anu R)",'Master Sheet'!I5,"") | J4: =IF('Master Sheet'!C5="Area 7 (Anu R)",'Master Sheet'!J5,"") | K4: =IF('Master Sheet'!C5="Area 7 (Anu R)",'Master Sheet'!K5,"") | L4: =IF('Master Sheet'!C5="Area 7 (Anu R)",'Master Sheet'!L5,"") | M4: =IF('Master Sheet'!C5="Area 7 (Anu R)",'Master Sheet'!M5,"") | N4: =IF('Master Sheet'!C5="Area 7 (Anu R)",'Master Sheet'!N5,"") | O4: =IF('Master Sheet'!C5="Area 7 (Anu R)",'Master Sheet'!O5,"") | P4: =IF('Master Sheet'!C5="Area 7 (Anu R)",'Master Sheet'!P5,"")
A5: =IF('Master Sheet'!C6="Area 7 (Anu R)",'Master Sheet'!A6,"") | B5: =IF('Master Sheet'!C6="Area 7 (Anu R)",'Master Sheet'!B6,"") | C5: Area 7 (Anu R) | D5: =IF('Master Sheet'!C6="Area 7 (Anu R)",'Master Sheet'!D6,"") | E5: =IF('Master Sheet'!C6="Area 7 (Anu R)",'Master Sheet'!E6,"") | F5: =IF('Master Sheet'!C6="Area 7 (Anu R)",'Master Sheet'!F6,"") | G5: =IF('Master Sheet'!C6="Area 7 (Anu R)",'Master Sheet'!G6,"") | H5: =IF('Master Sheet'!C6="Area 7 (Anu R)",'Master Sheet'!H6,"") | I5: =IF('Master Sheet'!C6="Area 7 (Anu R)",'Master Sheet'!I6,"") | J5: =IF('Master Sheet'!C6="Area 7 (Anu R)",'Master Sheet'!J6,"") | K5: =IF('Master Sheet'!C6="Area 7 (Anu R)",'Master Sheet'!K6,"") | L5: =IF('Master Sheet'!C6="Area 7 (Anu R)",'Master Sheet'!L6,"") | M5: =IF('Master Sheet'!C6="Area 7 (Anu R)",'Master Sheet'!M6,"") | N5: =IF('Master Sheet'!C6="Area 7 (Anu R)",'Master Sheet'!N6,"") | O5: =IF('Master Sheet'!C6="Area 7 (Anu R)",'Master Sheet'!O6,"") | P5: =IF('Master Sheet'!C6="Area 7 (Anu R)",'Master Sheet'!P6,"")
A6: =IF('Master Sheet'!C7="Area 7 (Anu R)",'Master Sheet'!A7,"") | B6: =IF('Master Sheet'!C7="Area 7 (Anu R)",'Master Sheet'!B7,"") | C6: Area 7 (Anu R) | D6: =IF('Master Sheet'!C7="Area 7 (Anu R)",'Master Sheet'!D7,"") | E6: =IF('Master Sheet'!C7="Area 7 (Anu R)",'Master Sheet'!E7,"") | F6: =IF('Master Sheet'!C7="Area 7 (Anu R)",'Master Sheet'!F7,"") | G6: =IF('Master Sheet'!C7="Area 7 (Anu R)",'Master Sheet'!G7,"") | H6: =IF('Master Sheet'!C7="Area 7 (Anu R)",'Master Sheet'!H7,"") | I6: =IF('Master Sheet'!C7="Area 7 (Anu R)",'Master Sheet'!I7,"") | J6: =IF('Master Sheet'!C7="Area 7 (Anu R)",'Master Sheet'!J7,"") | K6: =IF('Master Sheet'!C7="Area 7 (Anu R)",'Master Sheet'!K7,"") | L6: =IF('Master Sheet'!C7="Area 7 (Anu R)",'Master Sheet'!L7,"") | M6: =IF('Master Sheet'!C7="Area 7 (Anu R)",'Master Sheet'!M7,"") | N6: =IF('Master Sheet'!C7="Area 7 (Anu R)",'Master Sheet'!N7,"") | O6: =IF('Master Sheet'!C7="Area 7 (Anu R)",'Master Sheet'!O7,"") | P6: =IF('Master Sheet'!C7="Area 7 (Anu R)",'Master Sheet'!P7,"")
A7: =IF('Master Sheet'!C8="Area 7 (Anu R)",'Master Sheet'!A8,"") | B7: =IF('Master Sheet'!C8="Area 7 (Anu R)",'Master Sheet'!B8,"") | C7: Area 7 (Anu R) | D7: =IF('Master Sheet'!C8="Area 7 (Anu R)",'Master Sheet'!D8,"") | E7: =IF('Master Sheet'!C8="Area 7 (Anu R)",'Master Sheet'!E8,"") | F7: =IF('Master Sheet'!C8="Area 7 (Anu R)",'Master Sheet'!F8,"") | G7: =IF('Master Sheet'!C8="Area 7 (Anu R)",'Master Sheet'!G8,"") | H7: =IF('Master Sheet'!C8="Area 7 (Anu R)",'Master Sheet'!H8,"") | I7: =IF('Master Sheet'!C8="Area 7 (Anu R)",'Master Sheet'!I8,"") | J7: =IF('Master Sheet'!C8="Area 7 (Anu R)",'Master Sheet'!J8,"") | K7: =IF('Master Sheet'!C8="Area 7 (Anu R)",'Master Sheet'!K8,"") | L7: =IF('Master Sheet'!C8="Area 7 (Anu R)",'Master Sheet'!L8,"") | M7: =IF('Master Sheet'!C8="Area 7 (Anu R)",'Master Sheet'!M8,"") | N7: =IF('Master Sheet'!C8="Area 7 (Anu R)",'Master Sheet'!N8,"") | O7: =IF('Master Sheet'!C8="Area 7 (Anu R)",'Master Sheet'!O8,"") | P7: =IF('Master Sheet'!C8="Area 7 (Anu R)",'Master Sheet'!P8,"")
A8: =IF('Master Sheet'!C9="Area 7 (Anu R)",'Master Sheet'!A9,"") | B8: =IF('Master Sheet'!C9="Area 7 (Anu R)",'Master Sheet'!B9,"") | C8: Area 7 (Anu R) | D8: =IF('Master Sheet'!C9="Area 7 (Anu R)",'Master Sheet'!D9,"") | E8: =IF('Master Sheet'!C9="Area 7 (Anu R)",'Master Sheet'!E9,"") | F8: =IF('Master Sheet'!C9="Area 7 (Anu R)",'Master Sheet'!F9,"") | G8: =IF('Master Sheet'!C9="Area 7 (Anu R)",'Master Sheet'!G9,"") | H8: =IF('Master Sheet'!C9="Area 7 (Anu R)",'Master Sheet'!H9,"") | I8: =IF('Master Sheet'!C9="Area 7 (Anu R)",'Master Sheet'!I9,"") | J8: =IF('Master Sheet'!C9="Area 7 (Anu R)",'Master Sheet'!J9,"") | K8: =IF('Master Sheet'!C9="Area 7 (Anu R)",'Master Sheet'!K9,"") | L8: =IF('Master Sheet'!C9="Area 7 (Anu R)",'Master Sheet'!L9,"") | M8: =IF('Master Sheet'!C9="Area 7 (Anu R)",'Master Sheet'!M9,"") | N8: =IF('Master Sheet'!C9="Area 7 (Anu R)",'Master Sheet'!N9,"") | O8: =IF('Master Sheet'!C9="Area 7 (Anu R)",'Master Sheet'!O9,"") | P8: =IF('Master Sheet'!C9="Area 7 (Anu R)",'Master Sheet'!P9,"")
A9: =IF('Master Sheet'!C10="Area 7 (Anu R)",'Master Sheet'!A10,"") | B9: =IF('Master Sheet'!C10="Area 7 (Anu R)",'Master Sheet'!B10,"") | C9: Area 7 (Anu R) | D9: =IF('Master Sheet'!C10="Area 7 (Anu R)",'Master Sheet'!D10,"") | E9: =IF('Master Sheet'!C10="Area 7 (Anu R)",'Master Sheet'!E10,"") | F9: =IF('Master Sheet'!C10="Area 7 (Anu R)",'Master Sheet'!F10,"") | G9: =IF('Master Sheet'!C10="Area 7 (Anu R)",'Master Sheet'!G10,"") | H9: =IF('Master Sheet'!C10="Area 7 (Anu R)",'Master Sheet'!H10,"") | I9: =IF('Master Sheet'!C10="Area 7 (Anu R)",'Master Sheet'!I10,"") | J9: =IF('Master Sheet'!C10="Area 7 (Anu R)",'Master Sheet'!J10,"") | K9: =IF('Master Sheet'!C10="Area 7 (Anu R)",'Master Sheet'!K10,"") | L9: =IF('Master Sheet'!C10="Area 7 (Anu R)",'Master Sheet'!L10,"") | M9: =IF('Master Sheet'!C10="Area 7 (Anu R)",'Master Sheet'!M10,"") | N9: =IF('Master Sheet'!C10="Area 7 (Anu R)",'Master Sheet'!N10,"") | O9: =IF('Master Sheet'!C10="Area 7 (Anu R)",'Master Sheet'!O10,"") | P9: =IF('Master Sheet'!C10="Area 7 (Anu R)",'Master Sheet'!P10,"")
A10: =IF('Master Sheet'!C11="Area 7 (Anu R)",'Master Sheet'!A11,"") | B10: =IF('Master Sheet'!C11="Area 7 (Anu R)",'Master Sheet'!B11,"") | C10: Area 7 (Anu R) | D10: =IF('Master Sheet'!C11="Area 7 (Anu R)",'Master Sheet'!D11,"") | E10: =IF('Master Sheet'!C11="Area 7 (Anu R)",'Master Sheet'!E11,"") | F10: =IF('Master Sheet'!C11="Area 7 (Anu R)",'Master Sheet'!F11,"") | G10: =IF('Master Sheet'!C11="Area 7 (Anu R)",'Master Sheet'!G11,"") | H10: =IF('Master Sheet'!C11="Area 7 (Anu R)",'Master Sheet'!H11,"") | I10: =IF('Master Sheet'!C11="Area 7 (Anu R)",'Master Sheet'!I11,"") | J10: =IF('Master Sheet'!C11="Area 7 (Anu R)",'Master Sheet'!J11,"") | K10: =IF('Master Sheet'!C11="Area 7 (Anu R)",'Master Sheet'!K11,"") | L10: =IF('Master Sheet'!C11="Area 7 (Anu R)",'Master Sheet'!L11,"") | M10: =IF('Master Sheet'!C11="Area 7 (Anu R)",'Master Sheet'!M11,"") | N10: =IF('Master Sheet'!C11="Area 7 (Anu R)",'Master Sheet'!N11,"") | O10: =IF('Master Sheet'!C11="Area 7 (Anu R)",'Master Sheet'!O11,"") | P10: =IF('Master Sheet'!C11="Area 7 (Anu R)",'Master Sheet'!P11,"")
A11: =IF('Master Sheet'!C12="Area 7 (Anu R)",'Master Sheet'!A12,"") | B11: =IF('Master Sheet'!C12="Area 7 (Anu R)",'Master Sheet'!B12,"") | C11: Area 7 (Anu R) | D11: =IF('Master Sheet'!C12="Area 7 (Anu R)",'Master Sheet'!D12,"") | E11: =IF('Master Sheet'!C12="Area 7 (Anu R)",'Master Sheet'!E12,"") | F11: =IF('Master Sheet'!C12="Area 7 (Anu R)",'Master Sheet'!F12,"") | G11: =IF('Master Sheet'!C12="Area 7 (Anu R)",'Master Sheet'!G12,"") | H11: =IF('Master Sheet'!C12="Area 7 (Anu R)",'Master Sheet'!H12,"") | I11: =IF('Master Sheet'!C12="Area 7 (Anu R)",'Master Sheet'!I12,"") | J11: =IF('Master Sheet'!C12="Area 7 (Anu R)",'Master Sheet'!J12,"") | K11: =IF('Master Sheet'!C12="Area 7 (Anu R)",'Master Sheet'!K12,"") | L11: =IF('Master Sheet'!C12="Area 7 (Anu R)",'Master Sheet'!L12,"") | M11: =IF('Master Sheet'!C12="Area 7 (Anu R)",'Master Sheet'!M12,"") | N11: =IF('Master Sheet'!C12="Area 7 (Anu R)",'Master Sheet'!N12,"") | O11: =IF('Master Sheet'!C12="Area 7 (Anu R)",'Master Sheet'!O12,"") | P11: =IF('Master Sheet'!C12="Area 7 (Anu R)",'Master Sheet'!P12,"")
A12: =IF('Master Sheet'!C13="Area 7 (Anu R)",'Master Sheet'!A13,"") | B12: =IF('Master Sheet'!C13="Area 7 (Anu R)",'Master Sheet'!B13,"") | C12: Area 7 (Anu R) | D12: =IF('Master Sheet'!C13="Area 7 (Anu R)",'Master Sheet'!D13,"") | E12: =IF('Master Sheet'!C13="Area 7 (Anu R)",'Master Sheet'!E13,"") | F12: =IF('Master Sheet'!C13="Area 7 (Anu R)",'Master Sheet'!F13,"") | G12: =IF('Master Sheet'!C13="Area 7 (Anu R)",'Master Sheet'!G13,"") | H12: =IF('Master Sheet'!C13="Area 7 (Anu R)",'Master Sheet'!H13,"") | I12: =IF('Master Sheet'!C13="Area 7 (Anu R)",'Master Sheet'!I13,"") | J12: =IF('Master Sheet'!C13="Area 7 (Anu R)",'Master Sheet'!J13,"") | K12: =IF('Master Sheet'!C13="Area 7 (Anu R)",'Master Sheet'!K13,"") | L12: =IF('Master Sheet'!C13="Area 7 (Anu R)",'Master Sheet'!L13,"") | M12: =IF('Master Sheet'!C13="Area 7 (Anu R)",'Master Sheet'!M13,"") | N12: =IF('Master Sheet'!C13="Area 7 (Anu R)",'Master Sheet'!N13,"") | O12: =IF('Master Sheet'!C13="Area 7 (Anu R)",'Master Sheet'!O13,"") | P12: =IF('Master Sheet'!C13="Area 7 (Anu R)",'Master Sheet'!P13,"")
A13: =IF('Master Sheet'!C14="Area 7 (Anu R)",'Master Sheet'!A14,"") | B13: =IF('Master Sheet'!C14="Area 7 (Anu R)",'Master Sheet'!B14,"") | C13: Area 7 (Anu R) | D13: =IF('Master Sheet'!C14="Area 7 (Anu R)",'Master Sheet'!D14,"") | E13: =IF('Master Sheet'!C14="Area 7 (Anu R)",'Master Sheet'!E14,"") | F13: =IF('Master Sheet'!C14="Area 7 (Anu R)",'Master Sheet'!F14,"") | G13: =IF('Master Sheet'!C14="Area 7 (Anu R)",'Master Sheet'!G14,"") | H13: =IF('Master Sheet'!C14="Area 7 (Anu R)",'Master Sheet'!H14,"") | I13: =IF('Master Sheet'!C14="Area 7 (Anu R)",'Master Sheet'!I14,"") | J13: =IF('Master Sheet'!C14="Area 7 (Anu R)",'Master Sheet'!J14,"") | K13: =IF('Master Sheet'!C14="Area 7 (Anu R)",'Master Sheet'!K14,"") | L13: =IF('Master Sheet'!C14="Area 7 (Anu R)",'Master Sheet'!L14,"") | M13: =IF('Master Sheet'!C14="Area 7 (Anu R)",'Master Sheet'!M14,"") | N13: =IF('Master Sheet'!C14="Area 7 (Anu R)",'Master Sheet'!N14,"") | O13: =IF('Master Sheet'!C14="Area 7 (Anu R)",'Master Sheet'!O14,"") | P13: =IF('Master Sheet'!C14="Area 7 (Anu R)",'Master Sheet'!P14,"")
... A151: =IF('Master Sheet'!C152="Area 7 (Anu R)",'Master Sheet'!A152,"") -> P150 | B151: =IF('Master Sheet'!C152="Area 7 (Anu R)",'Master Sheet'!B152,"") -> Ardra R.Nath | C151: Area 7 (Anu R) | D151: =IF('Master Sheet'!C152="Area 7 (Anu R)",'Master Sheet'!D152,"") -> 350 | E151: =IF('Master Sheet'!C152="Area 7 (Anu R)",'Master Sheet'!E152,"") -> 350 | F151: =IF('Master Sheet'!C152="Area 7 (Anu R)",'Master Sheet'!F152,"") -> 350 | G151: =IF('Master Sheet'!C152="Area 7 (Anu R)",'Master Sheet'!G152,"") -> 0 | H151: =IF('Master Sheet'!C152="Area 7 (Anu R)",'Master Sheet'!H152,"") -> 0 | I151: =IF('Master Sheet'!C152="Area 7 (Anu R)",'Master Sheet'!I152,"") -> 0 | J151: =IF('Master Sheet'!C152="Area 7 (Anu R)",'Master Sheet'!J152,"") -> 0 | K151: =IF('Master Sheet'!C152="Area 7 (Anu R)",'Master Sheet'!K152,"") -> 0 | L151: =IF('Master Sheet'!C152="Area 7 (Anu R)",'Master Sheet'!L152,"") -> 0 | M151: =IF('Master Sheet'!C152="Area 7 (Anu R)",'Master Sheet'!M152,"") -> 0 | N151: =IF('Master Sheet'!C152="Area 7 (Anu R)",'Master Sheet'!N152,"") -> 1050 | O151: =IF('Master Sheet'!C152="Area 7 (Anu R)",'Master Sheet'!O152,"") -> 2450 | P151: =IF('Master Sheet'!C152="Area 7 (Anu R)",'Master Sheet'!P152,"") -> Pending
D152: =SUBTOTAL(9,D102:D151) -> 15150 | E152: =SUBTOTAL(9,E102:E151) -> 10650 | F152: =SUBTOTAL(9,F102:F151) -> 9550 | G152: =SUBTOTAL(9,G102:G151) -> 3300 | H152: =SUBTOTAL(9,H102:H151) -> 0 | I152: =SUBTOTAL(9,I102:I151) -> 0 | J152: =SUBTOTAL(9,J102:J151) -> 0 | K152: =SUBTOTAL(9,K102:K151) -> 0 | ... M152: =SUBTOTAL(9,M102:M151) -> 0 | N152: =D152+E152+F152+G152+H152+I152+J152+K152+L152+M152 -> 38650

Sheet P001
A1: Onakit - 2026
A2: Name | B2: ='Master Sheet'!B3 -> Bindhu Alesh, Varayannur
A3: Month | B3: Amount Paid
A4: Oct | B4: ='Master Sheet'!D3 -> 350
A5: Nov | B5: ='Master Sheet'!E3 -> 0
A6: Dec | B6: ='Master Sheet'!F3 -> 0
A7: Jan | B7: ='Master Sheet'!G3 -> 500
A8: Feb | B8: ='Master Sheet'!H3 -> 0
A9: Mar | B9: ='Master Sheet'!I3 -> 0
A10: Apr | B10: ='Master Sheet'!J3 -> 0
A11: May | B11: ='Master Sheet'!K3 -> 0
A12: Jun | B12: ='Master Sheet'!L3 -> 0
A13: Jul | B13: ='Master Sheet'!M3 -> 0
A14: Total | B14: =SUM(B4:B12) -> 850
A15: Balance | B15: =3500-B14 -> 2650

Sheet P002
A1: Onakit - 2026
A2: Name | B2: ='Master Sheet'!B4 -> Aswathy PS, Kumbanadu
A3: Month | B3: Amount Paid
A4: Oct | B4: ='Master Sheet'!D4 -> 0
A5: Nov | B5: ='Master Sheet'!E4 -> 0
A6: Dec | B6: ='Master Sheet'!F4 -> 0
A7: Jan | B7: ='Master Sheet'!G4 -> 1000
A8: Feb | B8: ='Master Sheet'!H4 -> 0
A9: Mar | B9: ='Master Sheet'!I4 -> 0
A10: Apr | B10: ='Master Sheet'!J4 -> 0
A11: May | B11: ='Master Sheet'!K4 -> 0
A12: Jun | B12: ='Master Sheet'!L4 -> 0
A13: Jul | B13: ='Master Sheet'!M4 -> 0
A14: Total | B14: =SUM(B4:B13) -> 1000
A15: Balance | B15: =3500-B14 -> 2500

Sheet P003
A1: Onakit - 2026
A2: Name | B2: ='Master Sheet'!B5 -> Arya , Kunnam, Poovathur
A3: Month | B3: Amount Paid
A4: Oct | B4: ='Master Sheet'!D5 -> 0
A5: Nov | B5: ='Master Sheet'!E5 -> 0
A6: Dec | B6: ='Master Sheet'!F5 -> 0
A7: Jan | B7: ='Master Sheet'!G5 -> 0
A8: Feb | B8: ='Master Sheet'!H5 -> 0
A9: Mar | B9: ='Master Sheet'!I5 -> 0
A10: Apr | B10: ='Master Sheet'!J5 -> 0
A11: May | B11: ='Master Sheet'!K5 -> 0
A12: Jun | B12: ='Master Sheet'!L5 -> 0
A13: Jul | B13: ='Master Sheet'!M5 -> 0
A14: Total | B14: =SUM(B4:B13) -> 0
A15: Balance | B15: =3500-B14 -> 3500

Sheet P004
A1: Onakit - 2026
A2: Name | B2: ='Master Sheet'!B6 -> Saratha Sasikumar, Varayannur
A3: Month | B3: Amount Paid
A4: Oct | B4: ='Master Sheet'!D6 -> 500
A5: Nov | B5: ='Master Sheet'!E6 -> 0
A6: Dec | B6: ='Master Sheet'!F6 -> 0
A7: Jan | B7: ='Master Sheet'!G6 -> 500
A8: Feb | B8: ='Master Sheet'!H6 -> 0
A9: Mar | B9: ='Master Sheet'!I6 -> 0
A10: Apr | B10: ='Master Sheet'!J6 -> 0
A11: May | B11: ='Master Sheet'!K6 -> 0
A12: Jun | B12: ='Master Sheet'!L6 -> 0
A13: Jul | B13: ='Master Sheet'!M6 -> 0
A14: Total | B14: =SUM(B4:B13) -> 1000
A15: Balance | B15: =3500-B14 -> 2500

Sheet P005
A1: Onakit - 2026
A2: Name | B2: ='Master Sheet'!B7 -> Gokul , Poovathur
A3: Month | B3: Amount Paid
A4: Oct | B4: ='Master Sheet'!D7 -> 0
A5: Nov | B5: ='Master Sheet'!E7 -> 0
A6: Dec | B6: ='Master Sheet'!F7 -> 0
A7: Jan | B7: ='Master Sheet'!G7 -> 2000
A8: Feb | B8: ='Master Sheet'!H7 -> 0
A9: Mar | B9: ='Master Sheet'!I7 -> 0
A10: Apr | B10: ='Master Sheet'!J7 -> 0
A11: May | B11: ='Master Sheet'!K7 -> 0
A12: Jun | B12: ='Master Sheet'!L7 -> 0
A13: Jul | B13: ='Master Sheet'!M7 -> 0
A14: Total | B14: =SUM(B4:B13) -> 2000
A15: Balance | B15: =3500-B14 -> 1500

Sheet P006
A1: Onakit - 2026
A2: Name | B2: ='Master Sheet'!B8 -> Latha , Vrayannur
A3: Month | B3: Amount Paid
A4: Oct | B4: ='Master Sheet'!D8 -> 250
A5: Nov | B5: ='Master Sheet'!E8 -> 0
A6: Dec | B6: ='Master Sheet'!F8 -> 0
A7: Jan | B7: ='Master Sheet'!G8 -> 500
A8: Feb | B8: ='Master Sheet'!H8 -> 0
A9: Mar | B9: ='Master Sheet'!I8 -> 0
A10: Apr | B10: ='Master Sheet'!J8 -> t
A11: May | B11: ='Master Sheet'!K8 -> 0
A12: Jun | B12: ='Master Sheet'!L8 -> 0
A13: Jul | B13: ='Master Sheet'!M8 -> 0
A14: Total | B14: =SUM(B4:B13) -> 750
A15: Balance | B15: =3500-B14 -> 2750

Sheet P007
A1: Onakit - 2026
A2: Name | B2: ='Master Sheet'!B9 -> Viswapriya , Varayannur
A3: Month | B3: Amount Paid
A4: Oct | B4: ='Master Sheet'!D9 -> 250
A5: Nov | B5: ='Master Sheet'!E9 -> 0
A6: Dec | B6: ='Master Sheet'!F9 -> 0
A7: Jan | B7: ='Master Sheet'!G9 -> 0
A8: Feb | B8: ='Master Sheet'!H9 -> 0
A9: Mar | B9: ='Master Sheet'!I9 -> 0
A10: Apr | B10: ='Master Sheet'!J9 -> 0
A11: May | B11: ='Master Sheet'!K9 -> 0
A12: Jun | B12: ='Master Sheet'!L9 -> 0
A13: Jul | B13: ='Master Sheet'!M9 -> 0
A14: Total | B14: =SUM(B4:B13) -> 250
A15: Balance | B15: =3500-B14 -> 3250

Sheet P008
A1: Onakit - 2026
A2: Name | B2: ='Master Sheet'!B10 -> Ambili Varayannur
A3: Month | B3: Amount Paid
A4: Oct | B4: ='Master Sheet'!D10 -> 250
A5: Nov | B5: ='Master Sheet'!E10 -> 0
A6: Dec | B6: ='Master Sheet'!F10 -> 0
A7: Jan | B7: ='Master Sheet'!G10 -> 500
A8: Feb | B8: ='Master Sheet'!H10 -> 0
A9: Mar | B9: ='Master Sheet'!I10 -> 0
A10: Apr | B10: ='Master Sheet'!J10 -> 0
A11: May | B11: ='Master Sheet'!K10 -> 0
A12: Jun | B12: ='Master Sheet'!L10 -> 0
A13: Jul | B13: ='Master Sheet'!M10 -> 0
A14: Total | B14: =SUM(B4:B13) -> 750
A15: Balance | B15: =3500-B14 -> 2750

Sheet P009
A1: Onakit - 2026
A2: Name | B2: ='Master Sheet'!B11 -> Ambili Varayannur
A3: Month | B3: Amount Paid
A4: Oct | B4: ='Master Sheet'!D11 -> 250
A5: Nov | B5: ='Master Sheet'!E11 -> 0
A6: Dec | B6: ='Master Sheet'!F11 -> 0
A7: Jan | B7: ='Master Sheet'!G11 -> 0
A8: Feb | B8: ='Master Sheet'!H11 -> 0
A9: Mar | B9: ='Master Sheet'!I11 -> 0
A10: Apr | B10: ='Master Sheet'!J11 -> 0
A11: May | B11: ='Master Sheet'!K11 -> 0
A12: Jun | B12: ='Master Sheet'!L11 -> 0
A13: Jul | B13: ='Master Sheet'!M11 -> 0
A14: Total | B14: =SUM(B4:B13) -> 250
A15: Balance | B15: =3500-B14 -> 3250

Sheet P010
A1: Onakit - 2026
A2: Name | B2: ='Master Sheet'!B12 -> Lakshmi Ajeesh , Poovathur
A3: Month | B3: Amount Paid
A4: Oct | B4: ='Master Sheet'!D12 -> 0
A5: Nov | B5: ='Master Sheet'!E12 -> 0
A6: Dec | B6: ='Master Sheet'!F12 -> 0
A7: Jan | B7: ='Master Sheet'!G12 -> 0
A8: Feb | B8: ='Master Sheet'!H12 -> 0
A9: Mar | B9: ='Master Sheet'!I12 -> 0
A10: Apr | B10: ='Master Sheet'!J12 -> 0
A11: May | B11: ='Master Sheet'!K12 -> 0
A12: Jun | B12: ='Master Sheet'!L12 -> 0
A13: Jul | B13: ='Master Sheet'!M12 -> 0
A14: Total | B14: =SUM(B4:B13) -> 0
A15: Balance | B15: =3500-B14 -> 3500

Sheet P011
A1: Onakit - 2026
A2: Name | B2: ='Master Sheet'!B13 -> Seema Manoj , Poovathur
A3: Month | B3: Amount Paid
A4: Oct | B4: ='Master Sheet'!D13 -> 0
A5: Nov | B5: ='Master Sheet'!E13 -> 0
A6: Dec | B6: ='Master Sheet'!F13 -> 0
A7: Jan | B7: ='Master Sheet'!G13 -> 0
A8: Feb | B8: ='Master Sheet'!H13 -> 0
A9: Mar | B9: ='Master Sheet'!I13 -> 0
A10: Apr | B10: ='Master Sheet'!J13 -> 0
A11: May | B11: ='Master Sheet'!K13 -> 0
A12: Jun | B12: ='Master Sheet'!L13 -> 0
A13: Jul | B13: ='Master Sheet'!M13 -> 0
A14: Total | B14: =SUM(B4:B13) -> 0
A15: Balance | B15: =3500-B14 -> 3500

Sheet P012
A1: Onakit - 2026
A2: Name | B2: ='Master Sheet'!B14 -> Seema Manoj , Poovathur
A3: Month | B3: Amount Paid
A4: Oct | B4: ='Master Sheet'!D14 -> 0
A5: Nov | B5: ='Master Sheet'!E14 -> 0
A6: Dec | B6: ='Master Sheet'!F14 -> 0
A7: Jan | B7: ='Master Sheet'!G14 -> 0
A8: Feb | B8: ='Master Sheet'!H14 -> 0
A9: Mar | B9: ='Master Sheet'!I14 -> 0
A10: Apr | B10: ='Master Sheet'!J14 -> 0
A11: May | B11: ='Master Sheet'!K14 -> 0
A12: Jun | B12: ='Master Sheet'!L14 -> 0
A13: Jul | B13: ='Master Sheet'!M14 -> 0
A14: Total | B14: =SUM(B4:B13) -> 0
A15: Balance | B15: =3500-B14 -> 3500

Sheet P013
A1: Onakit - 2026
A2: Name | B2: ='Master Sheet'!B15 -> Shyla Pradeep , Poovathur
A3: Month | B3: Amount Paid
A4: Oct | B4: ='Master Sheet'!D15 -> 0
A5: Nov | B5: ='Master Sheet'!E15 -> 0
A6: Dec | B6: ='Master Sheet'!F15 -> 0
A7: Jan | B7: ='Master Sheet'!G15 -> 0
A8: Feb | B8: ='Master Sheet'!H15 -> 0
A9: Mar | B9: ='Master Sheet'!I15 -> 0
A10: Apr | B10: ='Master Sheet'!J15 -> 0
A11: May | B11: ='Master Sheet'!K15 -> 0
A12: Jun | B12: ='Master Sheet'!L15 -> 0
A13: Jul | B13: ='Master Sheet'!M15 -> 0
A14: Total | B14: =SUM(B4:B13) -> 0
A15: Balance | B15: =3500-B14 -> 3500

Sheet P014
A1: Onakit - 2026
A2: Name | B2: ='Master Sheet'!B16 -> Sreeja , Poovathur
A3: Month | B3: Amount Paid
A4: Oct | B4: ='Master Sheet'!D16 -> 0
A5: Nov | B5: ='Master Sheet'!E16 -> 0
A6: Dec | B6: ='Master Sheet'!F16 -> 350
A7: Jan | B7: ='Master Sheet'!G16 -> 0
A8: Feb | B8: ='Master Sheet'!H16 -> 0
A9: Mar | B9: ='Master Sheet'!I16 -> 0
A10: Apr | B10: ='Master Sheet'!J16 -> 0
A11: May | B11: ='Master Sheet'!K16 -> 0
A12: Jun | B12: ='Master Sheet'!L16 -> 0
A13: Jul | B13: ='Master Sheet'!M16 -> 0
A14: Total | B14: =SUM(B4:B13) -> 350
A15: Balance | B15: =3500-B14 -> 3150

Sheet P015
A1: Onakit - 2026
A2: Name | B2: ='Master Sheet'!B17 -> Ambika , Poovathur
A3: Month | B3: Amount Paid
A4: Oct | B4: ='Master Sheet'!D17 -> 0
A5: Nov | B5: ='Master Sheet'!E17 -> 0
A6: Dec | B6: ='Master Sheet'!F17 -> 0
A7: Jan | B7: ='Master Sheet'!G17 -> 0
A8: Feb | B8: ='Master Sheet'!H17 -> 0
A9: Mar | B9: ='Master Sheet'!I17 -> 0
A10: Apr | B10: ='Master Sheet'!J17 -> 0
A11: May | B11: ='Master Sheet'!K17 -> 0
A12: Jun | B12: ='Master Sheet'!L17 -> 0
A13: Jul | B13: ='Master Sheet'!M17 -> 0
A14: Total | B14: =SUM(B4:B13) -> 0
A15: Balance | B15: =3500-B14 -> 3500

Sheet P016
A1: Onakit - 2026
A2: Name | B2: ='Master Sheet'!B18 -> Usha , Poovathur
A3: Month | B3: Amount Paid
A4: Oct | B4: ='Master Sheet'!D19 -> 0
A5: Nov | B5: ='Master Sheet'!E18 -> 0
A6: Dec | B6: ='Master Sheet'!F18 -> 0
A7: Jan | B7: ='Master Sheet'!G18 -> 500
A8: Feb | B8: ='Master Sheet'!H18 -> 0
A9: Mar | B9: ='Master Sheet'!I18 -> 0
A10: Apr | B10: ='Master Sheet'!J18 -> 0
A11: May | B11: ='Master Sheet'!K18 -> 0
A12: Jun | B12: ='Master Sheet'!L18 -> 0
A13: Jul | B13: ='Master Sheet'!M18 -> 0
A14: Total | B14: =SUM(B4:B13) -> 500
A15: Balance | B15: =3500-B14 -> 3000

Sheet P017
A1: Onakit - 2026
A2: Name | B2: ='Master Sheet'!B19 -> Latha Shaji , Poovathur
A3: Month | B3: Amount Paid
A4: Oct | B4: ='Master Sheet'!D19 -> 0
A5: Nov | B5: ='Master Sheet'!E19 -> 0
A6: Dec | B6: ='Master Sheet'!F19 -> 0
A7: Jan | B7: ='Master Sheet'!G19 -> 0
A8: Feb | B8: ='Master Sheet'!H19 -> 0
A9: Mar | B9: ='Master Sheet'!I19 -> 0
A10: Apr | B10: ='Master Sheet'!J19 -> 0
A11: May | B11: ='Master Sheet'!K19 -> 0
A12: Jun | B12: ='Master Sheet'!L19 -> 0
A13: Jul | B13: ='Master Sheet'!M19 -> 0
A14: Total | B14: =SUM(B4:B13) -> 0
A15: Balance | B15: =3500-B14 -> 3500

Sheet P018
A1: Onakit - 2026
A2: Name | B2: ='Master Sheet'!B20 -> Smitha ,Poovathur
A3: Month | B3: Amount Paid
A4: Oct | B4: ='Master Sheet'!D20 -> 1000
A5: Nov | B5: ='Master Sheet'!E20 -> 0
A6: Dec | B6: ='Master Sheet'!F20 -> 0
A7: Jan | B7: ='Master Sheet'!G20 -> 0
A8: Feb | B8: ='Master Sheet'!H20 -> 0
A9: Mar | B9: ='Master Sheet'!I20 -> 0
A10: Apr | B10: ='Master Sheet'!J20 -> 0
A11: May | B11: ='Master Sheet'!K20 -> 0
A12: Jun | B12: ='Master Sheet'!L20 -> 0
A13: Jul | B13: ='Master Sheet'!M20 -> 0
A14: Total | B14: =SUM(B4:B13) -> 1000
A15: Balance | B15: =3500-B14 -> 2500

Sheet P019
A1: Onakit - 2026
A2: Name | B2: ='Master Sheet'!B21 -> Harish , Chengannur
A3: Month | B3: Amount Paid
A4: Oct | B4: ='Master Sheet'!D21 -> 0
A5: Nov | B5: ='Master Sheet'!E21 -> 0
A6: Dec | B6: ='Master Sheet'!F21 -> 0
A7: Jan | B7: ='Master Sheet'!G21 -> 1000
A8: Feb | B8: ='Master Sheet'!H21 -> 0
A9: Mar | B9: ='Master Sheet'!I21 -> 0
A10: Apr | B10: ='Master Sheet'!J21 -> 0
A11: May | B11: ='Master Sheet'!K21 -> 0
A12: Jun | B12: ='Master Sheet'!L21 -> 0
A13: Jul | B13: ='Master Sheet'!M21 -> 0
A14: Total | B14: =SUM(B4:B13) -> 1000
A15: Balance | B15: =3500-B14 -> 2500

Sheet P020
A1: Onakit - 2026
A2: Name | B2: ='Master Sheet'!B22 -> Bhaskaran Nukathala
A3: Month | B3: Amount Paid
A4: Oct | B4: ='Master Sheet'!D22 -> 0
A5: Nov | B5: ='Master Sheet'!E22 -> 0
A6: Dec | B6: ='Master Sheet'!F22 -> 500
A7: Jan | B7: ='Master Sheet'!G22 -> 0
A8: Feb | B8: ='Master Sheet'!H22 -> 0
A9: Mar | B9: ='Master Sheet'!I22 -> 0
A10: Apr | B10: ='Master Sheet'!J22 -> 0
A11: May | B11: ='Master Sheet'!K22 -> 0
A12: Jun | B12: ='Master Sheet'!L22 -> 0
A13: Jul | B13: ='Master Sheet'!M22 -> 0
A14: Total | B14: =SUM(B4:B13) -> 500
A15: Balance | B15: =3500-B14 -> 3000

Sheet P021
A1: Onakit - 2026
A2: Name | B2: ='Master Sheet'!B23 -> Sukumaran Nukathala
A3: Month | B3: Amount Paid
A4: Oct | B4: ='Master Sheet'!D23 -> 0
A5: Nov | B5: ='Master Sheet'!E23 -> 0
A6: Dec | B6: ='Master Sheet'!F23 -> 200
A7: Jan | B7: ='Master Sheet'!G23 -> 100
A8: Feb | B8: ='Master Sheet'!H23 -> 0
A9: Mar | B9: ='Master Sheet'!I23 -> 0
A10: Apr | B10: ='Master Sheet'!J23 -> 0
A11: May | B11: ='Master Sheet'!K23 -> 0
A12: Jun | B12: ='Master Sheet'!L23 -> 0
A13: Jul | B13: ='Master Sheet'!M23 -> 0
A14: Total | B14: =SUM(B4:B13) -> 300
A15: Balance | B15: =3500-B14 -> 3200

Sheet P022
A1: Onakit - 2026
A2: Name | B2: ='Master Sheet'!B24 -> Dhanalekshmi Thettupara
A3: Month | B3: Amount Paid
A4: Oct | B4: ='Master Sheet'!D24 -> 500
A5: Nov | B5: ='Master Sheet'!E24 -> 0
A6: Dec | B6: ='Master Sheet'!F24 -> 300
A7: Jan | B7: ='Master Sheet'!G24 -> 0
A8: Feb | B8: ='Master Sheet'!H24 -> 0
A9: Mar | B9: ='Master Sheet'!I24 -> 0
A10: Apr | B10: ='Master Sheet'!J24 -> 0
A11: May | B11: ='Master Sheet'!K24 -> 0
A12: Jun | B12: ='Master Sheet'!L24 -> 0
A13: Jul | B13: ='Master Sheet'!M24 -> 0
A14: Total | B14: =SUM(B4:B13) -> 800
A15: Balance | B15: =3500-B14 -> 2700

Sheet P023
A1: Onakit - 2026
A2: Name | B2: ='Master Sheet'!B25 -> Meenu ,Poovathur
A3: Month | B3: Amount Paid
A4: Oct | B4: ='Master Sheet'!D25 -> 0
A5: Nov | B5: ='Master Sheet'!E25 -> 0
A6: Dec | B6: ='Master Sheet'!F25 -> 0
A7: Jan | B7: ='Master Sheet'!G25 -> 0
A8: Feb | B8: ='Master Sheet'!H25 -> 0
A9: Mar | B9: ='Master Sheet'!I25 -> 0
A10: Apr | B10: ='Master Sheet'!J25 -> 0
A11: May | B11: ='Master Sheet'!K25 -> 0
A12: Jun | B12: ='Master Sheet'!L25 -> 0
A13: Jul | B13: ='Master Sheet'!M25 -> 0
A14: Total | B14: =SUM(B4:B13) -> 0
A15: Balance | B15: =3500-B14 -> 3500

Sheet P024
A1: Onakit - 2026
A2: Name | B2: ='Master Sheet'!B26 -> Remya Dinesh , Poovathur
A3: Month | B3: Amount Paid
A4: Oct | B4: ='Master Sheet'!D26 -> 0
A5: Nov | B5: ='Master Sheet'!E26 -> 0
A6: Dec | B6: ='Master Sheet'!F26 -> 0
A7: Jan | B7: ='Master Sheet'!G26 -> 0
A8: Feb | B8: ='Master Sheet'!H26 -> 0
A9: Mar | B9: ='Master Sheet'!I26 -> 0
A10: Apr | B10: ='Master Sheet'!J26 -> 0
A11: May | B11: ='Master Sheet'!K26 -> 0
A12: Jun | B12: ='Master Sheet'!L26 -> 0
A13: Jul | B13: ='Master Sheet'!M26 -> 0
A14: Total | B14: =SUM(B4:B13) -> 0
A15: Balance | B15: =3500-B14 -> 3500

Sheet P025
A1: Onakit - 2026
A2: Name | B2: ='Master Sheet'!B27 -> Geethu Mohan
A3: Month | B3: Amount Paid
A4: Oct | B4: ='Master Sheet'!D27 -> 0
A5: Nov | B5: ='Master Sheet'!E27 -> 0
A6: Dec | B6: ='Master Sheet'!F27 -> 0
A7: Jan | B7: ='Master Sheet'!G27 -> 0
A8: Feb | B8: ='Master Sheet'!H27 -> 0
A9: Mar | B9: ='Master Sheet'!I27 -> 0
A10: Apr | B10: ='Master Sheet'!J27 -> 0
A11: May | B11: ='Master Sheet'!K27 -> 0
A12: Jun | B12: ='Master Sheet'!L27 -> 0
A13: Jul | B13: ='Master Sheet'!M27 -> 0
A14: Total | B14: =SUM(B4:B13) -> 0
A15: Balance | B15: =3500-B14 -> 3500

Sheet P026
A1: Onakit - 2026
A2: Name | B2: ='Master Sheet'!B28 -> Sreeja Teacher , Kuttur
A3: Month | B3: Amount Paid
A4: Oct | B4: ='Master Sheet'!D28 -> 750
A5: Nov | B5: ='Master Sheet'!E28 -> 0
A6: Dec | B6: ='Master Sheet'!F28 -> 0
A7: Jan | B7: ='Master Sheet'!G28 -> 0
A8: Feb | B8: ='Master Sheet'!H28 -> 0
A9: Mar | B9: ='Master Sheet'!I28 -> 0
A10: Apr | B10: ='Master Sheet'!J28 -> 0
A11: May | B11: ='Master Sheet'!K28 -> 0
A12: Jun | B12: ='Master Sheet'!L28 -> 0
A13: Jul | B13: ='Master Sheet'!M28 -> 0
A14: Total | B14: =SUM(B4:B13) -> 750
A15: Balance | B15: =3500-B14 -> 2750

Sheet P027
A1: Onakit - 2026
A2: Name | B2: ='Master Sheet'!B29 -> Sreeja Teacher , Kuttur
A3: Month | B3: Amount Paid
A4: Oct | B4: ='Master Sheet'!D29 -> 0
A5: Nov | B5: ='Master Sheet'!E29 -> 0
A6: Dec | B6: ='Master Sheet'!F29 -> 0
A7: Jan | B7: ='Master Sheet'!G29 -> 0
A8: Feb | B8: ='Master Sheet'!H29 -> 0
A9: Mar | B9: ='Master Sheet'!I29 -> 0
A10: Apr | B10: ='Master Sheet'!J29 -> 0
A11: May | B11: ='Master Sheet'!K29 -> 0
A12: Jun | B12: ='Master Sheet'!L29 -> 0
A13: Jul | B13: ='Master Sheet'!M29 -> 0
A14: Total | B14: =SUM(B4:B13) -> 0
A15: Balance | B15: =3500-B14 -> 3500

Sheet P028
A1: Onakit - 2026
A2: Name | B2: ='Master Sheet'!B30 -> Jaya , Chengannur
A3: Month | B3: Amount Paid
A4: Oct | B4: ='Master Sheet'!D30 -> 0
A5: Nov | B5: ='Master Sheet'!E30 -> 0
A6: Dec | B6: ='Master Sheet'!F30 -> 0
A7: Jan | B7: ='Master Sheet'!G30 -> 0
A8: Feb | B8: ='Master Sheet'!H30 -> 0
A9: Mar | B9: ='Master Sheet'!I30 -> 0
A10: Apr | B10: ='Master Sheet'!J30 -> 0
A11: May | B11: ='Master Sheet'!K30 -> 0
A12: Jun | B12: ='Master Sheet'!L30 -> 0
A13: Jul | B13: ='Master Sheet'!M30 -> 0
A14: Total | B14: =SUM(B4:B13) -> 0
A15: Balance | B15: =3500-B14 -> 3500

Sheet P029
A1: Onakit - 2026
A2: Name | B2: ='Master Sheet'!B31 -> SatheeshKumar , Pullad
A3: Month | B3: Amount Paid
A4: Oct | B4: ='Master Sheet'!D31 -> 500
A5: Nov | B5: ='Master Sheet'!E31 -> 500
A6: Dec | B6: ='Master Sheet'!F31 -> 500
A7: Jan | B7: ='Master Sheet'!G31 -> 0
A8: Feb | B8: ='Master Sheet'!H31 -> 0
A9: Mar | B9: ='Master Sheet'!I31 -> 0
A10: Apr | B10: ='Master Sheet'!J31 -> 0
A11: May | B11: ='Master Sheet'!K31 -> 0
A12: Jun | B12: ='Master Sheet'!L31 -> 0
A13: Jul | B13: ='Master Sheet'!M31 -> 0
A14: Total | B14: =SUM(B4:B13) -> 1500
A15: Balance | B15: =3500-B14 -> 2000

Sheet P030
A1: Onakit - 2026
A2: Name | B2: ='Master Sheet'!B32 -> Subash , Nukathala
A3: Month | B3: Amount Paid
A4: Oct | B4: ='Master Sheet'!D32 -> 0
A5: Nov | B5: ='Master Sheet'!E32 -> 0
A6: Dec | B6: ='Master Sheet'!F32 -> 0
A7: Jan | B7: ='Master Sheet'!G32 -> 0
A8: Feb | B8: ='Master Sheet'!H32 -> 0
A9: Mar | B9: ='Master Sheet'!I32 -> 0
A10: Apr | B10: ='Master Sheet'!J32 -> 0
A11: May | B11: ='Master Sheet'!K32 -> 0
A12: Jun | B12: ='Master Sheet'!L32 -> 0
A13: Jul | B13: ='Master Sheet'!M32 -> 0
A14: Total | B14: =SUM(B4:B13) -> 0
A15: Balance | B15: =3500-B14 -> 3500

Sheet P031
A1: Onakit - 2026
A2: Name | B2: ='Master Sheet'!B33 -> Sreeja Varayannur
A3: Month | B3: Amount Paid
A4: Oct | B4: ='Master Sheet'!D33 -> 0
A5: Nov | B5: ='Master Sheet'!E33 -> 0
A6: Dec | B6: ='Master Sheet'!F33 -> 500
A7: Jan | B7: ='Master Sheet'!G33 -> 1500
A8: Feb | B8: ='Master Sheet'!H33 -> 0
A9: Mar | B9: ='Master Sheet'!I33 -> 0
A10: Apr | B10: ='Master Sheet'!J33 -> 0
A11: May | B11: ='Master Sheet'!K33 -> 0
A12: Jun | B12: ='Master Sheet'!L33 -> 0
A13: Jul | B13: ='Master Sheet'!M33 -> 0
A14: Total | B14: =SUM(B4:B13) -> 2000
A15: Balance | B15: =3500-B14 -> 1500

Sheet P032
A1: Onakit - 2026
A2: Name | B2: ='Master Sheet'!B34 -> Dinesh , Pullad
A3: Month | B3: Amount Paid
A4: Oct | B4: ='Master Sheet'!D34 -> 500
A5: Nov | B5: ='Master Sheet'!E34 -> 0
A6: Dec | B6: ='Master Sheet'!F34 -> 350
A7: Jan | B7: ='Master Sheet'!G34 -> 500
A8: Feb | B8: ='Master Sheet'!H34 -> 0
A9: Mar | B9: ='Master Sheet'!I34 -> 0
A10: Apr | B10: ='Master Sheet'!J34 -> 0
A11: May | B11: ='Master Sheet'!K34 -> 0
A12: Jun | B12: ='Master Sheet'!L34 -> 0
A13: Jul | B13: ='Master Sheet'!M34 -> 0
A14: Total | B14: =SUM(B4:B13) -> 1350
A15: Balance | B15: =3500-B14 -> 2150

Sheet P033
A1: Onakit - 2026
A2: Name | B2: ='Master Sheet'!B35 -> Revathy , Pullad
A3: Month | B3: Amount Paid
A4: Oct | B4: ='Master Sheet'!D35 -> 0
A5: Nov | B5: ='Master Sheet'!E35 -> 0
A6: Dec | B6: ='Master Sheet'!F35 -> 0
A7: Jan | B7: ='Master Sheet'!G35 -> 0
A8: Feb | B8: ='Master Sheet'!H35 -> 0
A9: Mar | B9: ='Master Sheet'!I35 -> 0
A10: Apr | B10: ='Master Sheet'!J35 -> 0
A11: May | B11: ='Master Sheet'!K35 -> 0
A12: Jun | B12: ='Master Sheet'!L35 -> 0
A13: Jul | B13: ='Master Sheet'!M35 -> 0
A14: Total | B14: =SUM(B4:B13) -> 0
A15: Balance | B15: =3500-B14 -> 3500

Sheet P034
A1: Onakit - 2026
A2: Name | B2: ='Master Sheet'!B36 -> Maya Gopal , Pullad
A3: Month | B3: Amount Paid
A4: Oct | B4: ='Master Sheet'!D36 -> 0
A5: Nov | B5: ='Master Sheet'!E36 -> 500
A6: Dec | B6: ='Master Sheet'!F36 -> 0
A7: Jan | B7: ='Master Sheet'!G36 -> 500
A8: Feb | B8: ='Master Sheet'!H36 -> 0
A9: Mar | B9: ='Master Sheet'!I36 -> 0
A10: Apr | B10: ='Master Sheet'!J36 -> 0
A11: May | B11: ='Master Sheet'!K36 -> 0
A12: Jun | B12: ='Master Sheet'!L36 -> 0
A13: Jul | B13: ='Master Sheet'!M36 -> 0
A14: Total | B14: =SUM(B4:B13) -> 1000
A15: Balance | B15: =3500-B14 -> 2500

Sheet P035
A1: Onakit - 2026
A2: Name | B2: ='Master Sheet'!B37 -> Bini Sunil , Pullad
A3: Month | B3: Amount Paid
A4: Oct | B4: ='Master Sheet'!D37 -> 0
A5: Nov | B5: ='Master Sheet'!E37 -> 350
A6: Dec | B6: ='Master Sheet'!F37 -> 350
A7: Jan | B7: ='Master Sheet'!G37 -> 350
A8: Feb | B8: ='Master Sheet'!H37 -> 0
A9: Mar | B9: ='Master Sheet'!I37 -> 0
A10: Apr | B10: ='Master Sheet'!J37 -> 0
A11: May | B11: ='Master Sheet'!K37 -> 0
A12: Jun | B12: ='Master Sheet'!L37 -> 0
A13: Jul | B13: ='Master Sheet'!M37 -> 0
A14: Total | B14: =SUM(B4:B13) -> 1050
A15: Balance | B15: =3500-B14 -> 2450

Sheet P036
A1: Onakit - 2026
A2: Name | B2: ='Master Sheet'!B38 -> Ganga Rajamohan
A3: Month | B3: Amount Paid
A4: Oct | B4: ='Master Sheet'!D38 -> 350
A5: Nov | B5: ='Master Sheet'!E38 -> 0
A6: Dec | B6: ='Master Sheet'!F38 -> 1000
A7: Jan | B7: ='Master Sheet'!G38 -> 0
A8: Feb | B8: ='Master Sheet'!H38 -> 0
A9: Mar | B9: ='Master Sheet'!I38 -> 0
A10: Apr | B10: ='Master Sheet'!J38 -> 0
A11: May | B11: ='Master Sheet'!K38 -> 0
A12: Jun | B12: ='Master Sheet'!L38 -> 0
A13: Jul | B13: ='Master Sheet'!M38 -> 0
A14: Total | B14: =SUM(B4:B13) -> 1350
A15: Balance | B15: =3500-B14 -> 2150

Sheet P037
A1: Onakit - 2026
A2: Name | B2: ='Master Sheet'!B39 -> Sona , Vadakekavala
A3: Month | B3: Amount Paid
A4: Oct | B4: ='Master Sheet'!D39 -> 0
A5: Nov | B5: ='Master Sheet'!E39 -> 700
A6: Dec | B6: ='Master Sheet'!F39 -> 0
A7: Jan | B7: ='Master Sheet'!G39 -> 0
A8: Feb | B8: ='Master Sheet'!H39 -> 0
A9: Mar | B9: ='Master Sheet'!I39 -> 0
A10: Apr | B10: ='Master Sheet'!J39 -> 0
A11: May | B11: ='Master Sheet'!K39 -> 0
A12: Jun | B12: ='Master Sheet'!L39 -> 0
A13: Jul | B13: ='Master Sheet'!M39 -> 0
A14: Total | B14: =SUM(B4:B13) -> 700
A15: Balance | B15: =3500-B14 -> 2800

Sheet P038
A1: Onakit - 2026
A2: Name | B2: ='Master Sheet'!B40 -> Indira Vijayan , Pullad
A3: Month | B3: Amount Paid
A4: Oct | B4: ='Master Sheet'!D40 -> 0
A5: Nov | B5: ='Master Sheet'!E40 -> 400
A6: Dec | B6: ='Master Sheet'!F40 -> 0
A7: Jan | B7: ='Master Sheet'!G40 -> 300
A8: Feb | B8: ='Master Sheet'!H40 -> 0
A9: Mar | B9: ='Master Sheet'!I40 -> 0
A10: Apr | B10: ='Master Sheet'!J40 -> 0
A11: May | B11: ='Master Sheet'!K40 -> 0
A12: Jun | B12: ='Master Sheet'!L40 -> 0
A13: Jul | B13: ='Master Sheet'!M40 -> 0
A14: Total | B14: =SUM(B4:B13) -> 700
A15: Balance | B15: =3500-B14 -> 2800

Sheet P039
A1: Onakit - 2026
A2: Name | B2: ='Master Sheet'!B41 -> Prabha Girish , Kumbanad
A3: Month | B3: Amount Paid
A4: Oct | B4: ='Master Sheet'!D41 -> 350
A5: Nov | B5: ='Master Sheet'!E41 -> 0
A6: Dec | B6: ='Master Sheet'!F41 -> 350
A7: Jan | B7: ='Master Sheet'!G41 -> 700
A8: Feb | B8: ='Master Sheet'!H41 -> 0
A9: Mar | B9: ='Master Sheet'!I41 -> 0
A10: Apr | B10: ='Master Sheet'!J41 -> 0
A11: May | B11: ='Master Sheet'!K41 -> 0
A12: Jun | B12: ='Master Sheet'!L41 -> 0
A13: Jul | B13: ='Master Sheet'!M41 -> 0
A14: Total | B14: =SUM(B4:B13) -> 1400
A15: Balance | B15: =3500-B14 -> 2100

Sheet P040
A1: Onakit - 2026
A2: Name | B2: ='Master Sheet'!B42 -> Biji N.S , Poovathur
A3: Month | B3: Amount Paid
A4: Oct | B4: ='Master Sheet'!D42 -> 0
A5: Nov | B5: ='Master Sheet'!E42 -> 350
A6: Dec | B6: ='Master Sheet'!F42 -> 350
A7: Jan | B7: ='Master Sheet'!G42 -> 350
A8: Feb | B8: ='Master Sheet'!H42 -> 0
A9: Mar | B9: ='Master Sheet'!I42 -> 0
A10: Apr | B10: ='Master Sheet'!J42 -> 0
A11: May | B11: ='Master Sheet'!K42 -> 0
A12: Jun | B12: ='Master Sheet'!L42 -> 0
A13: Jul | B13: ='Master Sheet'!M42 -> 0
A14: Total | B14: =SUM(B4:B13) -> 1050
A15: Balance | B15: =3500-B14 -> 2450

Sheet P041
A1: Onakit - 2026
A2: Name | B2: ='Master Sheet'!B43 -> Viswakala Sunil ,Pullad
A3: Month | B3: Amount Paid
A4: Oct | B4: ='Master Sheet'!D43 -> 0
A5: Nov | B5: ='Master Sheet'!E43 -> 0
A6: Dec | B6: ='Master Sheet'!F43 -> 0
A7: Jan | B7: ='Master Sheet'!G43 -> 0
A8: Feb | B8: ='Master Sheet'!H43 -> 0
A9: Mar | B9: ='Master Sheet'!I43 -> 0
A10: Apr | B10: ='Master Sheet'!J43 -> 0
A11: May | B11: ='Master Sheet'!K43 -> 0
A12: Jun | B12: ='Master Sheet'!L43 -> 0
A13: Jul | B13: ='Master Sheet'!M43 -> 0
A14: Total | B14: =SUM(B4:B13) -> 0
A15: Balance | B15: =3500-B14 -> 3500

Sheet P042
A1: Onakit - 2026
A2: Name | B2: ='Master Sheet'!B44 -> Tinu
A3: Month | B3: Amount Paid
A4: Oct | B4: ='Master Sheet'!D44 -> 0
A5: Nov | B5: ='Master Sheet'!E44 -> 0
A6: Dec | B6: ='Master Sheet'!F44 -> 0
A7: Jan | B7: ='Master Sheet'!G44 -> 0
A8: Feb | B8: ='Master Sheet'!H44 -> 0
A9: Mar | B9: ='Master Sheet'!I44 -> 0
A10: Apr | B10: ='Master Sheet'!J44 -> 0
A11: May | B11: ='Master Sheet'!K44 -> 0
A12: Jun | B12: ='Master Sheet'!L44 -> 0
A13: Jul | B13: ='Master Sheet'!M44 -> 0
A14: Total | B14: =SUM(B4:B13) -> 0
A15: Balance | B15: =3500-B14 -> 3500

Sheet P043
A1: Onakit - 2026
A2: Name | B2: ='Master Sheet'!B45 -> Abhiya
A3: Month | B3: Amount Paid
A4: Oct | B4: ='Master Sheet'!D45 -> 0
A5: Nov | B5: ='Master Sheet'!E45 -> 500
A6: Dec | B6: ='Master Sheet'!F45 -> 500
A7: Jan | B7: ='Master Sheet'!G45 -> 0
A8: Feb | B8: ='Master Sheet'!H45 -> 0
A9: Mar | B9: ='Master Sheet'!I45 -> 0
A10: Apr | B10: ='Master Sheet'!J45 -> 0
A11: May | B11: ='Master Sheet'!K45 -> 0
A12: Jun | B12: ='Master Sheet'!L45 -> 0
A13: Jul | B13: ='Master Sheet'!M45 -> 0
A14: Total | B14: =SUM(B4:B13) -> 1000
A15: Balance | B15: =3500-B14 -> 2500

Sheet P044
A1: Onakit - 2026
A2: Name | B2: ='Master Sheet'!B46 -> Syam
A3: Month | B3: Amount Paid
A4: Oct | B4: ='Master Sheet'!D46 -> 500
A5: Nov | B5: ='Master Sheet'!E46 -> 600
A6: Dec | B6: ='Master Sheet'!F46 -> 150
A7: Jan | B7: ='Master Sheet'!G46 -> 500
A8: Feb | B8: ='Master Sheet'!H46 -> 0
A9: Mar | B9: ='Master Sheet'!I46 -> 0
A10: Apr | B10: ='Master Sheet'!J46 -> 0
A11: May | B11: ='Master Sheet'!K46 -> 0
A12: Jun | B12: ='Master Sheet'!L46 -> 0
A13: Jul | B13: ='Master Sheet'!M46 -> 0
A14: Total | B14: =SUM(B4:B13) -> 1750
A15: Balance | B15: =3500-B14 -> 1750

Sheet P045
A1: Onakit - 2026
A2: Name | B2: ='Master Sheet'!B47 -> Chithra
A3: Month | B3: Amount Paid
A4: Oct | B4: ='Master Sheet'!D47 -> 0
A5: Nov | B5: ='Master Sheet'!E47 -> 500
A6: Dec | B6: ='Master Sheet'!F47 -> 0
A7: Jan | B7: ='Master Sheet'!G47 -> 0
A8: Feb | B8: ='Master Sheet'!H47 -> 0
A9: Mar | B9: ='Master Sheet'!I47 -> 0
A10: Apr | B10: ='Master Sheet'!J47 -> 0
A11: May | B11: ='Master Sheet'!K47 -> 0
A12: Jun | B12: ='Master Sheet'!L47 -> 0
A13: Jul | B13: ='Master Sheet'!M47 -> 0
A14: Total | B14: =SUM(B4:B13) -> 500
A15: Balance | B15: =3500-B14 -> 3000

Sheet P046
A1: Onakit - 2026
A2: Name | B2: ='Master Sheet'!B48 -> Bindhu
A3: Month | B3: Amount Paid
A4: Oct | B4: ='Master Sheet'!D48 -> 0
A5: Nov | B5: ='Master Sheet'!E48 -> 0
A6: Dec | B6: ='Master Sheet'!F48 -> 500
A7: Jan | B7: ='Master Sheet'!G48 -> 0
A8: Feb | B8: ='Master Sheet'!H48 -> 0
A9: Mar | B9: ='Master Sheet'!I48 -> 0
A10: Apr | B10: ='Master Sheet'!J48 -> 0
A11: May | B11: ='Master Sheet'!K48 -> 0
A12: Jun | B12: ='Master Sheet'!L48 -> 0
A13: Jul | B13: ='Master Sheet'!M48 -> 0
A14: Total | B14: =SUM(B4:B13) -> 500
A15: Balance | B15: =3500-B14 -> 3000

Sheet P047
A1: Onakit - 2026
A2: Name | B2: ='Master Sheet'!B49 -> Mincy
A3: Month | B3: Amount Paid
A4: Oct | B4: ='Master Sheet'!D49 -> 0
A5: Nov | B5: ='Master Sheet'!E49 -> 0
A6: Dec | B6: ='Master Sheet'!F49 -> 0
A7: Jan | B7: ='Master Sheet'!G49 -> 0
A8: Feb | B8: ='Master Sheet'!H49 -> 0
A9: Mar | B9: ='Master Sheet'!I49 -> 0
A10: Apr | B10: ='Master Sheet'!J49 -> 0
A11: May | B11: ='Master Sheet'!K49 -> 0
A12: Jun | B12: ='Master Sheet'!L49 -> 0
A13: Jul | B13: ='Master Sheet'!M49 -> 0
A14: Total | B14: =SUM(B4:B13) -> 0
A15: Balance | B15: =3500-B14 -> 3500

Sheet P048
A1: Onakit - 2026
A2: Name | B2: ='Master Sheet'!B50 -> Ammini
A3: Month | B3: Amount Paid
A4: Oct | B4: ='Master Sheet'!D50 -> 0
A5: Nov | B5: ='Master Sheet'!E50 -> 0
A6: Dec | B6: ='Master Sheet'!F50 -> 1000
A7: Jan | B7: ='Master Sheet'!G50 -> 0
A8: Feb | B8: ='Master Sheet'!H50 -> 0
A9: Mar | B9: ='Master Sheet'!I50 -> 0
A10: Apr | B10: ='Master Sheet'!J50 -> 0
A11: May | B11: ='Master Sheet'!K50 -> 0
A12: Jun | B12: ='Master Sheet'!L50 -> 0
A13: Jul | B13: ='Master Sheet'!M50 -> 0
A14: Total | B14: =SUM(B4:B13) -> 1000
A15: Balance | B15: =3500-B14 -> 2500

Sheet P049
A1: Onakit - 2026
A2: Name | B2: ='Master Sheet'!B51 -> Babu
A3: Month | B3: Amount Paid
A4: Oct | B4: ='Master Sheet'!D51 -> 0
A5: Nov | B5: ='Master Sheet'!E51 -> 0
A6: Dec | B6: ='Master Sheet'!F51 -> 0
A7: Jan | B7: ='Master Sheet'!G51 -> 500
A8: Feb | B8: ='Master Sheet'!H51 -> 0
A9: Mar | B9: ='Master Sheet'!I51 -> 0
A10: Apr | B10: ='Master Sheet'!J51 -> 0
A11: May | B11: ='Master Sheet'!K51 -> 0
A12: Jun | B12: ='Master Sheet'!L51 -> 0
A13: Jul | B13: ='Master Sheet'!M51 -> 0
A14: Total | B14: =SUM(B4:B13) -> 500
A15: Balance | B15: =3500-B14 -> 3000

Sheet P050
A1: Onakit - 2026
A2: Name | B2: ='Master Sheet'!B52 -> Geethu Renjith
A3: Month | B3: Amount Paid
A4: Oct | B4: ='Master Sheet'!D52 -> 0
A5: Nov | B5: ='Master Sheet'!E52 -> 0
A6: Dec | B6: ='Master Sheet'!F52 -> 0
A7: Jan | B7: ='Master Sheet'!G52 -> 500
A8: Feb | B8: ='Master Sheet'!H52 -> 0
A9: Mar | B9: ='Master Sheet'!I52 -> 0
A10: Apr | B10: ='Master Sheet'!J52 -> 0
A11: May | B11: ='Master Sheet'!K52 -> 0
A12: Jun | B12: ='Master Sheet'!L52 -> 0
A13: Jul | B13: ='Master Sheet'!M52 -> 0
A14: Total | B14: =SUM(B4:B13) -> 500
A15: Balance | B15: =3500-B14 -> 3000

Sheet P051
A1: Onakit - 2026
A2: Name | B2: ='Master Sheet'!B53 -> Manu
A3: Month | B3: Amount Paid
A4: Oct | B4: ='Master Sheet'!D53 -> 0
A5: Nov | B5: ='Master Sheet'!E53 -> 0
A6: Dec | B6: ='Master Sheet'!F53 -> 0
A7: Jan | B7: ='Master Sheet'!G53 -> 0
A8: Feb | B8: ='Master Sheet'!H53 -> 0
A9: Mar | B9: ='Master Sheet'!I53 -> 0
A10: Apr | B10: ='Master Sheet'!J53 -> 0
A11: May | B11: ='Master Sheet'!K53 -> 0
A12: Jun | B12: ='Master Sheet'!L53 -> 0
A13: Jul | B13: ='Master Sheet'!M53 -> 0
A14: Total | B14: =SUM(B4:B13) -> 0
A15: Balance | B15: =3500-B14 -> 3500

Sheet P052
A1: Onakit - 2026
A2: Name | B2: ='Master Sheet'!B54 -> Shobha
A3: Month | B3: Amount Paid
A4: Oct | B4: ='Master Sheet'!D54 -> 0
A5: Nov | B5: ='Master Sheet'!E54 -> 500
A6: Dec | B6: ='Master Sheet'!F54 -> 0
A7: Jan | B7: ='Master Sheet'!G54 -> 500
A8: Feb | B8: ='Master Sheet'!H54 -> 0
A9: Mar | B9: ='Master Sheet'!I54 -> 0
A10: Apr | B10: ='Master Sheet'!J54 -> 0
A11: May | B11: ='Master Sheet'!K54 -> 0
A12: Jun | B12: ='Master Sheet'!L54 -> 0
A13: Jul | B13: ='Master Sheet'!M54 -> 0
A14: Total | B14: =SUM(B4:B13) -> 1000
A15: Balance | B15: =3500-B14 -> 2500

Sheet P053
A1: Onakit - 2026
A2: Name | B2: ='Master Sheet'!B55 -> Jayan
A3: Month | B3: Amount Paid
A4: Oct | B4: ='Master Sheet'!D55 -> 0
A5: Nov | B5: ='Master Sheet'!E55 -> 1000
A6: Dec | B6: ='Master Sheet'!F55 -> 0
A7: Jan | B7: ='Master Sheet'!G55 -> 0
A8: Feb | B8: ='Master Sheet'!H55 -> 0
A9: Mar | B9: ='Master Sheet'!I55 -> 0
A10: Apr | B10: ='Master Sheet'!J55 -> 0
A11: May | B11: ='Master Sheet'!K55 -> 0
A12: Jun | B12: ='Master Sheet'!L55 -> 0
A13: Jul | B13: ='Master Sheet'!M55 -> 0
A14: Total | B14: =SUM(B4:B13) -> 1000
A15: Balance | B15: =3500-B14 -> 2500

Sheet P054
A1: Onakit - 2026
A2: Name | B2: ='Master Sheet'!B56 -> Anu
A3: Month | B3: Amount Paid
A4: Oct | B4: ='Master Sheet'!D56 -> 0
A5: Nov | B5: ='Master Sheet'!E56 -> 350
A6: Dec | B6: ='Master Sheet'!F56 -> 350
A7: Jan | B7: ='Master Sheet'!G56 -> 0
A8: Feb | B8: ='Master Sheet'!H56 -> 0
A9: Mar | B9: ='Master Sheet'!I56 -> 0
A10: Apr | B10: ='Master Sheet'!J56 -> 0
A11: May | B11: ='Master Sheet'!K56 -> 0
A12: Jun | B12: ='Master Sheet'!L56 -> 0
A13: Jul | B13: ='Master Sheet'!M56 -> 0
A14: Total | B14: =SUM(B4:B13) -> 700
A15: Balance | B15: =3500-B14 -> 2800

Sheet P055
A1: Onakit - 2026
A2: Name | B2: ='Master Sheet'!B57 -> Lillikutty
A3: Month | B3: Amount Paid
A4: Oct | B4: ='Master Sheet'!D57 -> 0
A5: Nov | B5: ='Master Sheet'!E57 -> 350
A6: Dec | B6: ='Master Sheet'!F57 -> 0
A7: Jan | B7: ='Master Sheet'!G57 -> 0
A8: Feb | B8: ='Master Sheet'!H57 -> 0
A9: Mar | B9: ='Master Sheet'!I57 -> 0
A10: Apr | B10: ='Master Sheet'!J57 -> 0
A11: May | B11: ='Master Sheet'!K57 -> 0
A12: Jun | B12: ='Master Sheet'!L57 -> 0
A13: Jul | B13: ='Master Sheet'!M57 -> 0
A14: Total | B14: =SUM(B4:B13) -> 350
A15: Balance | B15: =3500-B14 -> 3150

Sheet P056
A1: Onakit - 2026
A2: Name | B2: ='Master Sheet'!B58 -> Jeena
A3: Month | B3: Amount Paid
A4: Oct | B4: ='Master Sheet'!D58 -> 0
A5: Nov | B5: ='Master Sheet'!E58 -> 0
A6: Dec | B6: ='Master Sheet'!F58 -> 0
A7: Jan | B7: ='Master Sheet'!G58 -> 300
A8: Feb | B8: ='Master Sheet'!H58 -> 0
A9: Mar | B9: ='Master Sheet'!I58 -> 0
A10: Apr | B10: ='Master Sheet'!J58 -> 0
A11: May | B11: ='Master Sheet'!K58 -> 0
A12: Jun | B12: ='Master Sheet'!L58 -> 0
A13: Jul | B13: ='Master Sheet'!M58 -> 0
A14: Total | B14: =SUM(B4:B13) -> 300
A15: Balance | B15: =3500-B14 -> 3200

Sheet P057
A1: Onakit - 2026
A2: Name | B2: ='Master Sheet'!B59 -> Reshma
A3: Month | B3: Amount Paid
A4: Oct | B4: ='Master Sheet'!D59 -> 400
A5: Nov | B5: ='Master Sheet'!E59 -> 0
A6: Dec | B6: ='Master Sheet'!F59 -> 0
A7: Jan | B7: ='Master Sheet'!G59 -> 0
A8: Feb | B8: ='Master Sheet'!H59 -> 0
A9: Mar | B9: ='Master Sheet'!I59 -> 0
A10: Apr | B10: ='Master Sheet'!J59 -> 0
A11: May | B11: ='Master Sheet'!K59 -> 0
A12: Jun | B12: ='Master Sheet'!L59 -> 0
A13: Jul | B13: ='Master Sheet'!M59 -> 0
A14: Total | B14: =SUM(B4:B13) -> 400
A15: Balance | B15: =3500-B14 -> 3100

Sheet P058
A1: Onakit - 2026
A2: Name | B2: ='Master Sheet'!B60 -> Rani
A3: Month | B3: Amount Paid
A4: Oct | B4: ='Master Sheet'!D60 -> 0
A5: Nov | B5: ='Master Sheet'!E60 -> 500
A6: Dec | B6: ='Master Sheet'!F60 -> 0
A7: Jan | B7: ='Master Sheet'!G60 -> 500
A8: Feb | B8: ='Master Sheet'!H60 -> 0
A9: Mar | B9: ='Master Sheet'!I60 -> 0
A10: Apr | B10: ='Master Sheet'!J60 -> 0
A11: May | B11: ='Master Sheet'!K60 -> 0
A12: Jun | B12: ='Master Sheet'!L60 -> 0
A13: Jul | B13: ='Master Sheet'!M60 -> 0
A14: Total | B14: =SUM(B4:B13) -> 1000
A15: Balance | B15: =3500-B14 -> 2500

Sheet P059
A1: Onakit - 2026
A2: Name | B2: ='Master Sheet'!B61 -> Saranya
A3: Month | B3: Amount Paid
A4: Oct | B4: ='Master Sheet'!D61 -> 0
A5: Nov | B5: ='Master Sheet'!E61 -> 0
A6: Dec | B6: ='Master Sheet'!F61 -> 0
A7: Jan | B7: ='Master Sheet'!G61 -> 500
A8: Feb | B8: ='Master Sheet'!H61 -> 0
A9: Mar | B9: ='Master Sheet'!I61 -> 0
A10: Apr | B10: ='Master Sheet'!J61 -> 0
A11: May | B11: ='Master Sheet'!K61 -> 0
A12: Jun | B12: ='Master Sheet'!L61 -> 0
A13: Jul | B13: ='Master Sheet'!M61 -> 0
A14: Total | B14: =SUM(B4:B13) -> 500
A15: Balance | B15: =3500-B14 -> 3000

Sheet P060
A1: Onakit - 2026
A2: Name | B2: ='Master Sheet'!B62 -> Geethu Renjith
A3: Month | B3: Amount Paid
A4: Oct | B4: ='Master Sheet'!D62 -> 0
A5: Nov | B5: ='Master Sheet'!E62 -> 0
A6: Dec | B6: ='Master Sheet'!F62 -> 0
A7: Jan | B7: ='Master Sheet'!G62 -> 500
A8: Feb | B8: ='Master Sheet'!H62 -> 0
A9: Mar | B9: ='Master Sheet'!I62 -> 0
A10: Apr | B10: ='Master Sheet'!J62 -> 0
A11: May | B11: ='Master Sheet'!K62 -> 0
A12: Jun | B12: ='Master Sheet'!L62 -> 0
A13: Jul | B13: ='Master Sheet'!M62 -> 0
A14: Total | B14: =SUM(B4:B13) -> 500
A15: Balance | B15: =3500-B14 -> 3000

Sheet P061
A1: Onakit - 2026
A2: Name | B2: ='Master Sheet'!B63 -> Lici
A3: Month | B3: Amount Paid
A4: Oct | B4: ='Master Sheet'!D63 -> 0
A5: Nov | B5: ='Master Sheet'!E63 -> 350
A6: Dec | B6: ='Master Sheet'!F63 -> 0
A7: Jan | B7: ='Master Sheet'!G63 -> 500
A8: Feb | B8: ='Master Sheet'!H63 -> 0
A9: Mar | B9: ='Master Sheet'!I63 -> 0
A10: Apr | B10: ='Master Sheet'!J63 -> 0
A11: May | B11: ='Master Sheet'!K63 -> 0
A12: Jun | B12: ='Master Sheet'!L63 -> 0
A13: Jul | B13: ='Master Sheet'!M63 -> 0
A14: Total | B14: =SUM(B4:B13) -> 850
A15: Balance | B15: =3500-B14 -> 2650

Sheet P062
A1: Onakit - 2026
A2: Name | B2: ='Master Sheet'!B64 -> Sheeba
A3: Month | B3: Amount Paid
A4: Oct | B4: ='Master Sheet'!D64 -> 0
A5: Nov | B5: ='Master Sheet'!E64 -> 0
A6: Dec | B6: ='Master Sheet'!F64 -> 0
A7: Jan | B7: ='Master Sheet'!G64 -> 0
A8: Feb | B8: ='Master Sheet'!H64 -> 0
A9: Mar | B9: ='Master Sheet'!I64 -> 0
A10: Apr | B10: ='Master Sheet'!J64 -> 0
A11: May | B11: ='Master Sheet'!K64 -> 0
A12: Jun | B12: ='Master Sheet'!L64 -> 0
A13: Jul | B13: ='Master Sheet'!M64 -> 0
A14: Total | B14: =SUM(B4:B13) -> 0
A15: Balance | B15: =3500-B14 -> 3500

Sheet P063
A1: Onakit - 2026
A2: Name | B2: ='Master Sheet'!B65 -> Pramela Rajan
A3: Month | B3: Amount Paid
A4: Oct | B4: ='Master Sheet'!D65 -> 0
A5: Nov | B5: ='Master Sheet'!E65 -> 350
A6: Dec | B6: ='Master Sheet'!F65 -> 0
A7: Jan | B7: ='Master Sheet'!G65 -> 0
A8: Feb | B8: ='Master Sheet'!H65 -> 0
A9: Mar | B9: ='Master Sheet'!I65 -> 0
A10: Apr | B10: ='Master Sheet'!J65 -> 0
A11: May | B11: ='Master Sheet'!K65 -> 0
A12: Jun | B12: ='Master Sheet'!L65 -> 0
A13: Jul | B13: ='Master Sheet'!M65 -> 0
A14: Total | B14: =SUM(B4:B13) -> 350
A15: Balance | B15: =3500-B14 -> 3150

Sheet P064
A1: Onakit - 2026
A2: Name | B2: ='Master Sheet'!B66 -> Jaya
A3: Month | B3: Amount Paid
A4: Oct | B4: ='Master Sheet'!D66 -> 0
A5: Nov | B5: ='Master Sheet'!E66 -> 0
A6: Dec | B6: ='Master Sheet'!F66 -> 0
A7: Jan | B7: ='Master Sheet'!G66 -> 0
A8: Feb | B8: ='Master Sheet'!H66 -> 0
A9: Mar | B9: ='Master Sheet'!I66 -> 0
A10: Apr | B10: ='Master Sheet'!J66 -> 0
A11: May | B11: ='Master Sheet'!K66 -> 0
A12: Jun | B12: ='Master Sheet'!L66 -> 0
A13: Jul | B13: ='Master Sheet'!M66 -> 0
A14: Total | B14: =SUM(B4:B13) -> 0
A15: Balance | B15: =3500-B14 -> 3500

Sheet P065
A1: Onakit - 2026
A2: Name | B2: ='Master Sheet'!B67 -> Maya
A3: Month | B3: Amount Paid
A4: Oct | B4: ='Master Sheet'!D67 -> 0
A5: Nov | B5: ='Master Sheet'!E67 -> 0
A6: Dec | B6: ='Master Sheet'!F67 -> 0
A7: Jan | B7: ='Master Sheet'!G67 -> 3500
A8: Feb | B8: ='Master Sheet'!H67 -> 0
A9: Mar | B9: ='Master Sheet'!I67 -> 0
A10: Apr | B10: ='Master Sheet'!J67 -> 0
A11: May | B11: ='Master Sheet'!K67 -> 0
A12: Jun | B12: ='Master Sheet'!L67 -> 0
A13: Jul | B13: ='Master Sheet'!M67 -> 0
A14: Total | B14: =SUM(B4:B13) -> 3500
A15: Balance | B15: =3500-B14 -> 0

Sheet P066
A1: Onakit - 2026
A2: Name | B2: ='Master Sheet'!B68 -> Renjini Uthaman
A3: Month | B3: Amount Paid
A4: Oct | B4: ='Master Sheet'!D68 -> 500
A5: Nov | B5: ='Master Sheet'!E68 -> 0
A6: Dec | B6: ='Master Sheet'!F68 -> 0
A7: Jan | B7: ='Master Sheet'!G68 -> 1000
A8: Feb | B8: ='Master Sheet'!H68 -> 0
A9: Mar | B9: ='Master Sheet'!I68 -> 0
A10: Apr | B10: ='Master Sheet'!J68 -> 0
A11: May | B11: ='Master Sheet'!K68 -> 0
A12: Jun | B12: ='Master Sheet'!L68 -> 0
A13: Jul | B13: ='Master Sheet'!M68 -> 0
A14: Total | B14: =SUM(B4:B13) -> 1500
A15: Balance | B15: =3500-B14 -> 2000

Sheet P067
A1: Onakit - 2026
A2: Name | B2: ='Master Sheet'!B69 -> Pinky Prasanth
A3: Month | B3: Amount Paid
A4: Oct | B4: ='Master Sheet'!D69 -> 0
A5: Nov | B5: ='Master Sheet'!E69 -> 0
A6: Dec | B6: ='Master Sheet'!F69 -> 0
A7: Jan | B7: ='Master Sheet'!G69 -> 0
A8: Feb | B8: ='Master Sheet'!H69 -> 0
A9: Mar | B9: ='Master Sheet'!I69 -> 0
A10: Apr | B10: ='Master Sheet'!J69 -> 0
A11: May | B11: ='Master Sheet'!K69 -> 0
A12: Jun | B12: ='Master Sheet'!L69 -> 0
A13: Jul | B13: ='Master Sheet'!M69 -> 0
A14: Total | B14: =SUM(B4:B13) -> 0
A15: Balance | B15: =3500-B14 -> 3500

Sheet P068
A1: Onakit - 2026
A2: Name | B2: ='Master Sheet'!#REF! -> #REF!
A3: Month | B3: Amount Paid
A4: Oct | B4: ='Master Sheet'!D68 -> 500
A5: Nov | B5: ='Master Sheet'!E68 -> 0
A6: Dec | B6: ='Master Sheet'!F68 -> 0
A7: Jan | B7: ='Master Sheet'!G68 -> 1000
A8: Feb | B8: ='Master Sheet'!H68 -> 0
A9: Mar | B9: ='Master Sheet'!I68 -> 0
A10: Apr | B10: ='Master Sheet'!J68 -> 0
A11: May | B11: ='Master Sheet'!K68 -> 0
A12: Jun | B12: ='Master Sheet'!L68 -> 0
A13: Jul | B13: ='Master Sheet'!M68 -> 0
A14: Total | B14: =SUM(B4:B13) -> 1500
A15: Balance | B15: =3500-B14 -> 2000

Sheet P069
A1: Onakit - 2026
A2: Name | B2: ='Master Sheet'!B70 -> Mini Vennikulam
A3: Month | B3: Amount Paid
A4: Oct | B4: ='Master Sheet'!D70 -> 350
A5: Nov | B5: ='Master Sheet'!E70 -> 350
A6: Dec | B6: ='Master Sheet'!F70 -> 350
A7: Jan | B7: ='Master Sheet'!G70 -> 0
A8: Feb | B8: ='Master Sheet'!H70 -> 0
A9: Mar | B9: ='Master Sheet'!I70 -> 0
A10: Apr | B10: ='Master Sheet'!J70 -> 0
A11: May | B11: ='Master Sheet'!K70 -> 0
A12: Jun | B12: ='Master Sheet'!L70 -> 0
A13: Jul | B13: ='Master Sheet'!M70 -> 0
A14: Total | B14: =SUM(B4:B13) -> 1050
A15: Balance | B15: =3500-B14 -> 2450

Sheet P070
A1: Onakit - 2026
A2: Name | B2: ='Master Sheet'!B71 -> Anitha Gopakumar Vennikulam
A3: Month | B3: Amount Paid
A4: Oct | B4: ='Master Sheet'!D71 -> 350
A5: Nov | B5: ='Master Sheet'!E71 -> 350
A6: Dec | B6: ='Master Sheet'!F71 -> 350
A7: Jan | B7: ='Master Sheet'!G71 -> 350
A8: Feb | B8: ='Master Sheet'!H71 -> 0
A9: Mar | B9: ='Master Sheet'!I71 -> 0
A10: Apr | B10: ='Master Sheet'!J71 -> 0
A11: May | B11: ='Master Sheet'!K71 -> 0
A12: Jun | B12: ='Master Sheet'!L71 -> 0
A13: Jul | B13: ='Master Sheet'!M71 -> 0
A14: Total | B14: =SUM(B4:B13) -> 1400
A15: Balance | B15: =3500-B14 -> 2100

Sheet P071
A1: Onakit - 2026
A2: Name | B2: ='Master Sheet'!B72 -> Vidya Susanth Vennikulam
A3: Month | B3: Amount Paid
A4: Oct | B4: ='Master Sheet'!D72 -> 350
A5: Nov | B5: ='Master Sheet'!E72 -> 350
A6: Dec | B6: ='Master Sheet'!F72 -> 350
A7: Jan | B7: ='Master Sheet'!G72 -> 350
A8: Feb | B8: ='Master Sheet'!H72 -> 0
A9: Mar | B9: ='Master Sheet'!I72 -> 0
A10: Apr | B10: ='Master Sheet'!J72 -> 0
A11: May | B11: ='Master Sheet'!K72 -> 0
A12: Jun | B12: ='Master Sheet'!L72 -> 0
A13: Jul | B13: ='Master Sheet'!M72 -> 0
A14: Total | B14: =SUM(B4:B13) -> 1400
A15: Balance | B15: =3500-B14 -> 2100

Sheet P072
A1: Onakit - 2026
A2: Name | B2: ='Master Sheet'!B73 -> Indra Vennikulam
A3: Month | B3: Amount Paid
A4: Oct | B4: ='Master Sheet'!D73 -> 350
A5: Nov | B5: ='Master Sheet'!E73 -> 500
A6: Dec | B6: ='Master Sheet'!F73 -> 500
A7: Jan | B7: ='Master Sheet'!G73 -> 0
A8: Feb | B8: ='Master Sheet'!H73 -> 0
A9: Mar | B9: ='Master Sheet'!I73 -> 0
A10: Apr | B10: ='Master Sheet'!J73 -> 0
A11: May | B11: ='Master Sheet'!K73 -> 0
A12: Jun | B12: ='Master Sheet'!L73 -> 0
A13: Jul | B13: ='Master Sheet'!M73 -> 0
A14: Total | B14: =SUM(B4:B13) -> 1350
A15: Balance | B15: =3500-B14 -> 2150

Sheet P073
A1: Onakit - 2026
A2: Name | B2: ='Master Sheet'!B74 -> Santhosh Vennikulam
A3: Month | B3: Amount Paid
A4: Oct | B4: ='Master Sheet'!D74 -> 350
A5: Nov | B5: ='Master Sheet'!E74 -> 350
A6: Dec | B6: ='Master Sheet'!F74 -> 350
A7: Jan | B7: ='Master Sheet'!G74 -> 350
A8: Feb | B8: ='Master Sheet'!H74 -> 0
A9: Mar | B9: ='Master Sheet'!I74 -> 0
A10: Apr | B10: ='Master Sheet'!J74 -> 0
A11: May | B11: ='Master Sheet'!K74 -> 0
A12: Jun | B12: ='Master Sheet'!L74 -> 0
A13: Jul | B13: ='Master Sheet'!M74 -> 0
A14: Total | B14: =SUM(B4:B13) -> 1400
A15: Balance | B15: =3500-B14 -> 2100

Sheet P074
A1: Onakit - 2026
A2: Name | B2: ='Master Sheet'!B75 -> Anitha Ravikumar
A3: Month | B3: Amount Paid
A4: Oct | B4: ='Master Sheet'!D75 -> 350
A5: Nov | B5: ='Master Sheet'!E75 -> 350
A6: Dec | B6: ='Master Sheet'!F75 -> 350
A7: Jan | B7: ='Master Sheet'!G75 -> 350
A8: Feb | B8: ='Master Sheet'!H75 -> 0
A9: Mar | B9: ='Master Sheet'!I75 -> 0
A10: Apr | B10: ='Master Sheet'!J75 -> 0
A11: May | B11: ='Master Sheet'!K75 -> 0
A12: Jun | B12: ='Master Sheet'!L75 -> 0
A13: Jul | B13: ='Master Sheet'!M75 -> 0
A14: Total | B14: =SUM(B4:B13) -> 1400
A15: Balance | B15: =3500-B14 -> 2100

Sheet P075
A1: Onakit - 2026
A2: Name | B2: ='Master Sheet'!B76 -> Anil vp Vellara
A3: Month | B3: Amount Paid
A4: Oct | B4: ='Master Sheet'!D76 -> 350
A5: Nov | B5: ='Master Sheet'!E76 -> 350
A6: Dec | B6: ='Master Sheet'!F76 -> 350
A7: Jan | B7: ='Master Sheet'!G76 -> 350
A8: Feb | B8: ='Master Sheet'!H76 -> 0
A9: Mar | B9: ='Master Sheet'!I76 -> 0
A10: Apr | B10: ='Master Sheet'!J76 -> 0
A11: May | B11: ='Master Sheet'!K76 -> 0
A12: Jun | B12: ='Master Sheet'!L76 -> 0
A13: Jul | B13: ='Master Sheet'!M76 -> 0
A14: Total | B14: =SUM(B4:B13) -> 1400
A15: Balance | B15: =3500-B14 -> 2100

Sheet P076
A1: Onakit - 2026
A2: Name | B2: ='Master Sheet'!B77 -> Drishya Vellara
A3: Month | B3: Amount Paid
A4: Oct | B4: ='Master Sheet'!D77 -> 350
A5: Nov | B5: ='Master Sheet'!E77 -> 350
A6: Dec | B6: ='Master Sheet'!F77 -> 350
A7: Jan | B7: ='Master Sheet'!G77 -> 200
A8: Feb | B8: ='Master Sheet'!H77 -> 0
A9: Mar | B9: ='Master Sheet'!I77 -> 0
A10: Apr | B10: ='Master Sheet'!J77 -> 0
A11: May | B11: ='Master Sheet'!K77 -> 0
A12: Jun | B12: ='Master Sheet'!L77 -> 0
A13: Jul | B13: ='Master Sheet'!M77 -> 0
A14: Total | B14: =SUM(B4:B13) -> 1250
A15: Balance | B15: =3500-B14 -> 2250

Sheet P077
A1: Onakit - 2026
A2: Name | B2: ='Master Sheet'!B78 -> Ambika
A3: Month | B3: Amount Paid
A4: Oct | B4: ='Master Sheet'!D78 -> 0
A5: Nov | B5: ='Master Sheet'!E78 -> 350
A6: Dec | B6: ='Master Sheet'!F78 -> 0
A7: Jan | B7: ='Master Sheet'!G78 -> 0
A8: Feb | B8: ='Master Sheet'!H78 -> 0
A9: Mar | B9: ='Master Sheet'!I78 -> 0
A10: Apr | B10: ='Master Sheet'!J78 -> 0
A11: May | B11: ='Master Sheet'!K78 -> 0
A12: Jun | B12: ='Master Sheet'!L78 -> 0
A13: Jul | B13: ='Master Sheet'!M78 -> 0
A14: Total | B14: =SUM(B4:B13) -> 350
A15: Balance | B15: =3500-B14 -> 3150

Sheet P078
A1: Onakit - 2026
A2: Name | B2: ='Master Sheet'!B79 -> Veena Satheesh
A3: Month | B3: Amount Paid
A4: Oct | B4: ='Master Sheet'!D79 -> 0
A5: Nov | B5: ='Master Sheet'!E79 -> 0
A6: Dec | B6: ='Master Sheet'!F79 -> 0
A7: Jan | B7: ='Master Sheet'!G79 -> 0
A8: Feb | B8: ='Master Sheet'!H79 -> 0
A9: Mar | B9: ='Master Sheet'!I79 -> 0
A10: Apr | B10: ='Master Sheet'!J79 -> 0
A11: May | B11: ='Master Sheet'!K79 -> 0
A12: Jun | B12: ='Master Sheet'!L79 -> 0
A13: Jul | B13: ='Master Sheet'!M79 -> 0
A14: Total | B14: =SUM(B4:B13) -> 0
A15: Balance | B15: =3500-B14 -> 3500

Sheet P079
A1: Onakit - 2026
A2: Name | B2: ='Master Sheet'!B80 -> P.G Vijayan
A3: Month | B3: Amount Paid
A4: Oct | B4: ='Master Sheet'!D80 -> 0
A5: Nov | B5: ='Master Sheet'!E80 -> 0
A6: Dec | B6: ='Master Sheet'!F80 -> 0
A7: Jan | B7: ='Master Sheet'!G80 -> 0
A8: Feb | B8: ='Master Sheet'!H80 -> 0
A9: Mar | B9: ='Master Sheet'!I80 -> 0
A10: Apr | B10: ='Master Sheet'!J80 -> 0
A11: May | B11: ='Master Sheet'!K80 -> 0
A12: Jun | B12: ='Master Sheet'!L80 -> 0
A13: Jul | B13: ='Master Sheet'!M80 -> 0
A14: Total | B14: =SUM(B4:B13) -> 0
A15: Balance | B15: =3500-B14 -> 3500

Sheet P080
A1: Onakit - 2026
A2: Name | B2: ='Master Sheet'!B81 -> Acharya Sunil Mahadeve
A3: Month | B3: Amount Paid
A4: Oct | B4: ='Master Sheet'!D81 -> 350
A5: Nov | B5: ='Master Sheet'!E81 -> 350
A6: Dec | B6: ='Master Sheet'!F81 -> 350
A7: Jan | B7: ='Master Sheet'!G81 -> 0
A8: Feb | B8: ='Master Sheet'!H81 -> 0
A9: Mar | B9: ='Master Sheet'!I81 -> 0
A10: Apr | B10: ='Master Sheet'!J81 -> 0
A11: May | B11: ='Master Sheet'!K81 -> 0
A12: Jun | B12: ='Master Sheet'!L81 -> 0
A13: Jul | B13: ='Master Sheet'!M81 -> 0
A14: Total | B14: =SUM(B4:B13) -> 1050
A15: Balance | B15: =3500-B14 -> 2450

Sheet P081
A1: Onakit - 2026
A2: Name | B2: ='Master Sheet'!B82 -> Manju Manikandan
A3: Month | B3: Amount Paid
A4: Oct | B4: ='Master Sheet'!D82 -> 350
A5: Nov | B5: ='Master Sheet'!E82 -> 350
A6: Dec | B6: ='Master Sheet'!F82 -> 0
A7: Jan | B7: ='Master Sheet'!G82 -> 350
A8: Feb | B8: ='Master Sheet'!H82 -> 0
A9: Mar | B9: ='Master Sheet'!I82 -> 0
A10: Apr | B10: ='Master Sheet'!J82 -> 0
A11: May | B11: ='Master Sheet'!K82 -> 0
A12: Jun | B12: ='Master Sheet'!L82 -> 0
A13: Jul | B13: ='Master Sheet'!M82 -> 0
A14: Total | B14: =SUM(B4:B13) -> 1050
A15: Balance | B15: =3500-B14 -> 2450

Sheet P082
A1: Onakit - 2026
A2: Name | B2: ='Master Sheet'!B83 -> Surya Renjith
A3: Month | B3: Amount Paid
A4: Oct | B4: ='Master Sheet'!D83 -> 350
A5: Nov | B5: ='Master Sheet'!E83 -> 350
A6: Dec | B6: ='Master Sheet'!F83 -> 0
A7: Jan | B7: ='Master Sheet'!G83 -> 700
A8: Feb | B8: ='Master Sheet'!H83 -> 0
A9: Mar | B9: ='Master Sheet'!I83 -> 0
A10: Apr | B10: ='Master Sheet'!J83 -> 0
A11: May | B11: ='Master Sheet'!K83 -> 0
A12: Jun | B12: ='Master Sheet'!L83 -> 0
A13: Jul | B13: ='Master Sheet'!M83 -> 0
A14: Total | B14: =SUM(B4:B13) -> 1400
A15: Balance | B15: =3500-B14 -> 2100

Sheet P083
A1: Onakit - 2026
A2: Name | B2: ='Master Sheet'!B84 -> Hari Kumar
A3: Month | B3: Amount Paid
A4: Oct | B4: ='Master Sheet'!D84 -> 350
A5: Nov | B5: ='Master Sheet'!E84 -> 0
A6: Dec | B6: ='Master Sheet'!F84 -> 0
A7: Jan | B7: ='Master Sheet'!G84 -> 700
A8: Feb | B8: ='Master Sheet'!H84 -> 0
A9: Mar | B9: ='Master Sheet'!I84 -> 0
A10: Apr | B10: ='Master Sheet'!J84 -> 0
A11: May | B11: ='Master Sheet'!K84 -> 0
A12: Jun | B12: ='Master Sheet'!L84 -> 0
A13: Jul | B13: ='Master Sheet'!M84 -> 0
A14: Total | B14: =SUM(B4:B13) -> 1050
A15: Balance | B15: =3500-B14 -> 2450

Sheet P084
A1: Onakit - 2026
A2: Name | B2: ='Master Sheet'!B85 -> Prasad K.R
A3: Month | B3: Amount Paid
A4: Oct | B4: ='Master Sheet'!D85 -> 350
A5: Nov | B5: ='Master Sheet'!E85 -> 350
A6: Dec | B6: ='Master Sheet'!F85 -> 350
A7: Jan | B7: ='Master Sheet'!G85 -> 350
A8: Feb | B8: ='Master Sheet'!H85 -> 0
A9: Mar | B9: ='Master Sheet'!I85 -> 0
A10: Apr | B10: ='Master Sheet'!J85 -> 0
A11: May | B11: ='Master Sheet'!K85 -> 0
A12: Jun | B12: ='Master Sheet'!L85 -> 0
A13: Jul | B13: ='Master Sheet'!M85 -> 0
A14: Total | B14: =SUM(B4:B13) -> 1400
A15: Balance | B15: =3500-B14 -> 2100

Sheet P085
A1: Onakit - 2026
A2: Name | B2: ='Master Sheet'!B86 -> Aravind Kadapra
A3: Month | B3: Amount Paid
A4: Oct | B4: ='Master Sheet'!D86 -> 350
A5: Nov | B5: ='Master Sheet'!E86 -> 0
A6: Dec | B6: ='Master Sheet'!F86 -> 0
A7: Jan | B7: ='Master Sheet'!G86 -> 350
A8: Feb | B8: ='Master Sheet'!H86 -> 0
A9: Mar | B9: ='Master Sheet'!I86 -> 0
A10: Apr | B10: ='Master Sheet'!J86 -> 0
A11: May | B11: ='Master Sheet'!K86 -> 0
A12: Jun | B12: ='Master Sheet'!L86 -> 0
A13: Jul | B13: ='Master Sheet'!M86 -> 0
A14: Total | B14: =SUM(B4:B13) -> 700
A15: Balance | B15: =3500-B14 -> 2800

Sheet P086
A1: Onakit - 2026
A2: Name | B2: ='Master Sheet'!B87 -> Rakesh Babu
A3: Month | B3: Amount Paid
A4: Oct | B4: ='Master Sheet'!D87 -> 0
A5: Nov | B5: ='Master Sheet'!E87 -> 0
A6: Dec | B6: ='Master Sheet'!F87 -> 0
A7: Jan | B7: ='Master Sheet'!G87 -> 0
A8: Feb | B8: ='Master Sheet'!H87 -> 0
A9: Mar | B9: ='Master Sheet'!I87 -> 0
A10: Apr | B10: ='Master Sheet'!J87 -> 0
A11: May | B11: ='Master Sheet'!K87 -> 0
A12: Jun | B12: ='Master Sheet'!L87 -> 0
A13: Jul | B13: ='Master Sheet'!M87 -> 0
A14: Total | B14: =SUM(B4:B13) -> 0
A15: Balance | B15: =3500-B14 -> 3500

Sheet P087
A1: Onakit - 2026
A2: Name | B2: ='Master Sheet'!B88 -> Manju Mol PS
A3: Month | B3: Amount Paid
A4: Oct | B4: ='Master Sheet'!D88 -> 0
A5: Nov | B5: ='Master Sheet'!E88 -> 0
A6: Dec | B6: ='Master Sheet'!F88 -> 0
A7: Jan | B7: ='Master Sheet'!G88 -> 0
A8: Feb | B8: ='Master Sheet'!H88 -> 0
A9: Mar | B9: ='Master Sheet'!I88 -> 0
A10: Apr | B10: ='Master Sheet'!J88 -> 0
A11: May | B11: ='Master Sheet'!K88 -> 0
A12: Jun | B12: ='Master Sheet'!L88 -> 0
A13: Jul | B13: ='Master Sheet'!M88 -> 0
A14: Total | B14: =SUM(B4:B13) -> 0
A15: Balance | B15: =3500-B14 -> 3500

Sheet P088
A1: Onakit - 2026
A2: Name | B2: ='Master Sheet'!B89 -> Remya
A3: Month | B3: Amount Paid
A4: Oct | B4: ='Master Sheet'!D89 -> 0
A5: Nov | B5: ='Master Sheet'!E89 -> 0
A6: Dec | B6: ='Master Sheet'!F89 -> 0
A7: Jan | B7: ='Master Sheet'!G89 -> 350
A8: Feb | B8: ='Master Sheet'!H89 -> 0
A9: Mar | B9: ='Master Sheet'!I89 -> 0
A10: Apr | B10: ='Master Sheet'!J89 -> 0
A11: May | B11: ='Master Sheet'!K89 -> 0
A12: Jun | B12: ='Master Sheet'!L89 -> 0
A13: Jul | B13: ='Master Sheet'!M89 -> 0
A14: Total | B14: =SUM(B4:B13) -> 350
A15: Balance | B15: =3500-B14 -> 3150

Sheet P089
A1: Onakit - 2026
A2: Name | B2: ='Master Sheet'!B90 -> Rekha Ajith
A3: Month | B3: Amount Paid
A4: Oct | B4: ='Master Sheet'!D90 -> 0
A5: Nov | B5: ='Master Sheet'!E90 -> 0
A6: Dec | B6: ='Master Sheet'!F90 -> 0
A7: Jan | B7: ='Master Sheet'!G90 -> 0
A8: Feb | B8: ='Master Sheet'!H90 -> 0
A9: Mar | B9: ='Master Sheet'!I90 -> 0
A10: Apr | B10: ='Master Sheet'!J90 -> 0
A11: May | B11: ='Master Sheet'!K90 -> 0
A12: Jun | B12: ='Master Sheet'!L90 -> 0
A13: Jul | B13: ='Master Sheet'!M90 -> 0
A14: Total | B14: =SUM(B4:B13) -> 0
A15: Balance | B15: =3500-B14 -> 3500

Sheet P090
A1: Onakit - 2026
A2: Name | B2: ='Master Sheet'!B91 -> Latha Suresh
A3: Month | B3: Amount Paid
A4: Oct | B4: ='Master Sheet'!D91 -> 350
A5: Nov | B5: ='Master Sheet'!E91 -> 350
A6: Dec | B6: ='Master Sheet'!F91 -> 350
A7: Jan | B7: ='Master Sheet'!G91 -> 350
A8: Feb | B8: ='Master Sheet'!H91 -> 0
A9: Mar | B9: ='Master Sheet'!I91 -> 0
A10: Apr | B10: ='Master Sheet'!J91 -> 0
A11: May | B11: ='Master Sheet'!K91 -> 0
A12: Jun | B12: ='Master Sheet'!L91 -> 0
A13: Jul | B13: ='Master Sheet'!M91 -> 0
A14: Total | B14: =SUM(B4:B13) -> 1400
A15: Balance | B15: =3500-B14 -> 2100

Sheet P091
A1: Onakit - 2026
A2: Name | B2: ='Master Sheet'!B92 -> Anitha Prasanth
A3: Month | B3: Amount Paid
A4: Oct | B4: ='Master Sheet'!D92 -> 350
A5: Nov | B5: ='Master Sheet'!E92 -> 350
A6: Dec | B6: ='Master Sheet'!F92 -> 350
A7: Jan | B7: ='Master Sheet'!G92 -> 350
A8: Feb | B8: ='Master Sheet'!H92 -> 0
A9: Mar | B9: ='Master Sheet'!I92 -> 0
A10: Apr | B10: ='Master Sheet'!J92 -> 0
A11: May | B11: ='Master Sheet'!K92 -> 0
A12: Jun | B12: ='Master Sheet'!L92 -> 0
A13: Jul | B13: ='Master Sheet'!M92 -> 0
A14: Total | B14: =SUM(B4:B13) -> 1400
A15: Balance | B15: =3500-B14 -> 2100

Sheet P092
A1: Onakit - 2026
A2: Name | B2: ='Master Sheet'!B93 -> Vijila Vineeth
A3: Month | B3: Amount Paid
A4: Oct | B4: ='Master Sheet'!D93 -> 350
A5: Nov | B5: ='Master Sheet'!E93 -> 350
A6: Dec | B6: ='Master Sheet'!F93 -> 0
A7: Jan | B7: ='Master Sheet'!G93 -> 350
A8: Feb | B8: ='Master Sheet'!H93 -> 0
A9: Mar | B9: ='Master Sheet'!I93 -> 0
A10: Apr | B10: ='Master Sheet'!J93 -> 0
A11: May | B11: ='Master Sheet'!K93 -> 0
A12: Jun | B12: ='Master Sheet'!L93 -> 0
A13: Jul | B13: ='Master Sheet'!M93 -> 0
A14: Total | B14: =SUM(B4:B13) -> 1050
A15: Balance | B15: =3500-B14 -> 2450

Sheet P093
A1: Onakit - 2026
A2: Name | B2: ='Master Sheet'!B94 -> Anju Anoj
A3: Month | B3: Amount Paid
A4: Oct | B4: ='Master Sheet'!D94 -> 350
A5: Nov | B5: ='Master Sheet'!E94 -> 350
A6: Dec | B6: ='Master Sheet'!F94 -> 0
A7: Jan | B7: ='Master Sheet'!G94 -> 350
A8: Feb | B8: ='Master Sheet'!H94 -> 0
A9: Mar | B9: ='Master Sheet'!I94 -> 0
A10: Apr | B10: ='Master Sheet'!J94 -> 0
A11: May | B11: ='Master Sheet'!K94 -> 0
A12: Jun | B12: ='Master Sheet'!L94 -> 0
A13: Jul | B13: ='Master Sheet'!M94 -> 0
A14: Total | B14: =SUM(B4:B13) -> 1050
A15: Balance | B15: =3500-B14 -> 2450

Sheet P094
A1: Onakit - 2026
A2: Name | B2: ='Master Sheet'!B95 -> Suma Rajesh
A3: Month | B3: Amount Paid
A4: Oct | B4: ='Master Sheet'!D95 -> 350
A5: Nov | B5: ='Master Sheet'!E95 -> 350
A6: Dec | B6: ='Master Sheet'!F95 -> 350
A7: Jan | B7: ='Master Sheet'!G95 -> 350
A8: Feb | B8: ='Master Sheet'!H95 -> 0
A9: Mar | B9: ='Master Sheet'!I95 -> 0
A10: Apr | B10: ='Master Sheet'!J95 -> 0
A11: May | B11: ='Master Sheet'!K95 -> 0
A12: Jun | B12: ='Master Sheet'!L95 -> 0
A13: Jul | B13: ='Master Sheet'!M95 -> 0
A14: Total | B14: =SUM(B4:B13) -> 1400
A15: Balance | B15: =3500-B14 -> 2100

Sheet P095
A1: Onakit - 2026
A2: Name | B2: ='Master Sheet'!B96 -> Savithri Madhu
A3: Month | B3: Amount Paid
A4: Oct | B4: ='Master Sheet'!D96 -> 350
A5: Nov | B5: ='Master Sheet'!E96 -> 350
A6: Dec | B6: ='Master Sheet'!F96 -> 350
A7: Jan | B7: ='Master Sheet'!G96 -> 350
A8: Feb | B8: ='Master Sheet'!H96 -> 0
A9: Mar | B9: ='Master Sheet'!I96 -> 0
A10: Apr | B10: ='Master Sheet'!J96 -> 0
A11: May | B11: ='Master Sheet'!K96 -> 0
A12: Jun | B12: ='Master Sheet'!L96 -> 0
A13: Jul | B13: ='Master Sheet'!M96 -> 0
A14: Total | B14: =SUM(B4:B13) -> 1400
A15: Balance | B15: =3500-B14 -> 2100

Sheet P096
A1: Onakit - 2026
A2: Name | B2: ='Master Sheet'!B97 -> Suma Prasad
A3: Month | B3: Amount Paid
A4: Oct | B4: ='Master Sheet'!D97 -> 200
A5: Nov | B5: ='Master Sheet'!E97 -> 500
A6: Dec | B6: ='Master Sheet'!F97 -> 250
A7: Jan | B7: ='Master Sheet'!G97 -> 250
A8: Feb | B8: ='Master Sheet'!H97 -> 0
A9: Mar | B9: ='Master Sheet'!I97 -> 0
A10: Apr | B10: ='Master Sheet'!J97 -> 0
A11: May | B11: ='Master Sheet'!K97 -> 0
A12: Jun | B12: ='Master Sheet'!L97 -> 0
A13: Jul | B13: ='Master Sheet'!M97 -> 0
A14: Total | B14: =SUM(B4:B13) -> 1200
A15: Balance | B15: =3500-B14 -> 2300

Sheet P097
A1: Onakit - 2026
A2: Name | B2: ='Master Sheet'!B98 -> Sruthi Rajesh
A3: Month | B3: Amount Paid
A4: Oct | B4: ='Master Sheet'!D98 -> 0
A5: Nov | B5: ='Master Sheet'!E98 -> 500
A6: Dec | B6: ='Master Sheet'!F98 -> 0
A7: Jan | B7: ='Master Sheet'!G98 -> 0
A8: Feb | B8: ='Master Sheet'!H98 -> 0
A9: Mar | B9: ='Master Sheet'!I98 -> 0
A10: Apr | B10: ='Master Sheet'!J98 -> 0
A11: May | B11: ='Master Sheet'!K98 -> 0
A12: Jun | B12: ='Master Sheet'!L98 -> 0
A13: Jul | B13: ='Master Sheet'!M98 -> 0
A14: Total | B14: =SUM(B4:B13) -> 500
A15: Balance | B15: =3500-B14 -> 3000

Sheet P098
A1: Onakit - 2026
A2: Name | B2: ='Master Sheet'!B99 -> Suraj
A3: Month | B3: Amount Paid
A4: Oct | B4: ='Master Sheet'!D99 -> 0
A5: Nov | B5: ='Master Sheet'!E99 -> 0
A6: Dec | B6: ='Master Sheet'!F99 -> 0
A7: Jan | B7: ='Master Sheet'!G99 -> 0
A8: Feb | B8: ='Master Sheet'!H99 -> 0
A9: Mar | B9: ='Master Sheet'!I99 -> 0
A10: Apr | B10: ='Master Sheet'!J99 -> 0
A11: May | B11: ='Master Sheet'!K99 -> 0
A12: Jun | B12: ='Master Sheet'!L99 -> 0
A13: Jul | B13: ='Master Sheet'!M99 -> 0
A14: Total | B14: =SUM(B4:B13) -> 0
A15: Balance | B15: =3500-B14 -> 3500

Sheet P099
A1: Onakit - 2026
A2: Name | B2: ='Master Sheet'!B100 -> Aji Pattakala
A3: Month | B3: Amount Paid
A4: Oct | B4: ='Master Sheet'!D100 -> 100
A5: Nov | B5: ='Master Sheet'!E100 -> 0
A6: Dec | B6: ='Master Sheet'!F100 -> 500
A7: Jan | B7: ='Master Sheet'!G100 -> 0
A8: Feb | B8: ='Master Sheet'!H100 -> 0
A9: Mar | B9: ='Master Sheet'!I100 -> 0
A10: Apr | B10: ='Master Sheet'!J100 -> 0
A11: May | B11: ='Master Sheet'!K100 -> 0
A12: Jun | B12: ='Master Sheet'!L100 -> 0
A13: Jul | B13: ='Master Sheet'!M100 -> 0
A14: Total | B14: =SUM(B4:B13) -> 600
A15: Balance | B15: =3500-B14 -> 2900

Sheet P100
A1: Onakit - 2026
A2: Name | B2: ='Master Sheet'!B101 -> Sereelatha Manu
A3: Month | B3: Amount Paid
A4: Oct | B4: ='Master Sheet'!D101 -> 350
A5: Nov | B5: ='Master Sheet'!E101 -> 700
A6: Dec | B6: ='Master Sheet'!F101 -> 0
A7: Jan | B7: ='Master Sheet'!G101 -> 0
A8: Feb | B8: ='Master Sheet'!H101 -> 0
A9: Mar | B9: ='Master Sheet'!I101 -> 0
A10: Apr | B10: ='Master Sheet'!J101 -> 0
A11: May | B11: ='Master Sheet'!K101 -> 0
A12: Jun | B12: ='Master Sheet'!L101 -> 0
A13: Jul | B13: ='Master Sheet'!M101 -> 0
A14: Total | B14: =SUM(B4:B13) -> 1050
A15: Balance | B15: =3500-B14 -> 2450

Sheet P101
A1: Onakit - 2026
A2: Name | B2: ='Master Sheet'!B102 -> Athira Manoj
A3: Month | B3: Amount Paid
A4: Oct | B4: ='Master Sheet'!D102 -> 0
A5: Nov | B5: ='Master Sheet'!E102 -> 0
A6: Dec | B6: ='Master Sheet'!F102 -> 1050
A7: Jan | B7: ='Master Sheet'!G102 -> 500
A8: Feb | B8: ='Master Sheet'!H102 -> 0
A9: Mar | B9: ='Master Sheet'!I102 -> 0
A10: Apr | B10: ='Master Sheet'!J102 -> 0
A11: May | B11: ='Master Sheet'!K102 -> 0
A12: Jun | B12: ='Master Sheet'!L102 -> 0
A13: Jul | B13: ='Master Sheet'!M102 -> 0
A14: Total | B14: =SUM(B4:B13) -> 1550
A15: Balance | B15: =3500-B14 -> 1950

Sheet P102
A1: Onakit - 2026
A2: Name | B2: ='Master Sheet'!B103 -> Jaysree Suresh
A3: Month | B3: Amount Paid
A4: Oct | B4: ='Master Sheet'!D103 -> 350
A5: Nov | B5: ='Master Sheet'!E103 -> 350
A6: Dec | B6: ='Master Sheet'!F103 -> 0
A7: Jan | B7: ='Master Sheet'!G103 -> 0
A8: Feb | B8: ='Master Sheet'!H103 -> 0
A9: Mar | B9: ='Master Sheet'!I103 -> 0
A10: Apr | B10: ='Master Sheet'!J103 -> 0
A11: May | B11: ='Master Sheet'!K103 -> 0
A12: Jun | B12: ='Master Sheet'!L103 -> 0
A13: Jul | B13: ='Master Sheet'!M103 -> 0
A14: Total | B14: =SUM(B4:B13) -> 700
A15: Balance | B15: =3500-B14 -> 2800

Sheet P103
A1: Onakit - 2026
A2: Name | B2: ='Master Sheet'!B104 -> Sathyan Thadiyoor
A3: Month | B3: Amount Paid
A4: Oct | B4: ='Master Sheet'!D104 -> 0
A5: Nov | B5: ='Master Sheet'!E104 -> 0
A6: Dec | B6: ='Master Sheet'!F104 -> 0
A7: Jan | B7: ='Master Sheet'!G104 -> 0
A8: Feb | B8: ='Master Sheet'!H104 -> 0
A9: Mar | B9: ='Master Sheet'!I104 -> 0
A10: Apr | B10: ='Master Sheet'!J104 -> 0
A11: May | B11: ='Master Sheet'!K104 -> 0
A12: Jun | B12: ='Master Sheet'!L104 -> 0
A13: Jul | B13: ='Master Sheet'!M104 -> 0
A14: Total | B14: =SUM(B4:B13) -> 0
A15: Balance | B15: =3500-B14 -> 3500

Sheet P104
A1: Onakit - 2026
A2: Name | B2: ='Master Sheet'!B105 -> Leelamani Shaji
A3: Month | B3: Amount Paid
